surface,model,tax,auroc,contribution,var,var_rank,abundance,abundance_rank
bench,transfer,sk__Bacteria;p__Actinobacteria;c__Actinomycetia;o__Bifidobacteriales;f__Bifidobacteriaceae;g__Bifidobacterium,0.779547428571429,0.0157615714285714,2.01354272822671e-05,61,0.00114991880790216,103
bench,transfer,sk__Bacteria;p__Proteobacteria;c__Betaproteobacteria;o__Burkholderiales;f__Oxalobacteraceae;g__Janthinobacterium,0.777024428571429,0.0132385714285714,5.5174747801954e-06,98,0.000957723889752047,114
bench,transfer,sk__Bacteria;p__Firmicutes;c__Bacilli;o__Bacillales;f__Staphylococcaceae;g__Staphylococcus,0.776000428571429,0.0122145714285714,0.000617475711832327,22,0.0158231496019977,13
bench,transfer,sk__Bacteria;p__Firmicutes;c__Bacilli;o__Bacillales;f__Bacillaceae;g__Bacillus,0.776000142857143,0.0122142857142856,0.00174350213078533,12,0.00551183681301132,32
bench,transfer,sk__Bacteria;p__Proteobacteria;c__Gammaproteobacteria;o__Aeromonadales;f__Aeromonadaceae;g__Aeromonas,0.775143428571429,0.0113575714285714,2.1097115517991e-05,60,0.00130412563507954,94
bench,transfer,sk__Bacteria;p__Bacteroidetes;c__Sphingobacteriia;o__Sphingobacteriales;f__Sphingobacteriaceae;g__Sphingobacterium,0.774809571428571,0.0110237142857142,0.000267102202089649,33,0.00197069167966358,72
bench,transfer,sk__Bacteria;p__Proteobacteria;c__Gammaproteobacteria;o__Enterobacterales;f__Enterobacteriaceae;g__Klebsiella,0.772856714285714,0.00907085714285705,0.000302737314475287,31,0.00572561302781515,31
bench,transfer,sk__Bacteria;p__Actinobacteria;c__Actinomycetia;o__Bifidobacteriales;f__Bifidobacteriaceae;g__Gardnerella,0.772774285714286,0.00898842857142856,1.18414063823765e-05,77,0.00100352332918781,110
bench,transfer,sk__Bacteria;p__Proteobacteria;c__Betaproteobacteria;o__Burkholderiales;f__Comamonadaceae;g__Delftia,0.7725,0.00871414285714278,8.10648852250687e-06,90,0.00134052941778871,90
bench,transfer,sk__Bacteria;p__Firmicutes;c__Bacilli;o__Lactobacillales;f__Lactobacillaceae;g__Limosilactobacillus,0.772476,0.00869014285714287,8.483087590587e-06,88,0.00147308905411945,82
bench,transfer,sk__Bacteria;p__Proteobacteria;c__Gammaproteobacteria;o__Enterobacterales;f__Enterobacteriaceae;g__Enterobacter,0.772357571428571,0.00857171428571424,0.000191028559199133,38,0.00394834454855192,41
bench,transfer,sk__Bacteria;p__Firmicutes;c__Negativicutes;o__Veillonellales;f__Veillonellaceae;g__Negativicoccus,0.771928857142857,0.00814300000000001,0.0676625736629878,1,0.216398244548888,1
bench,transfer,sk__Bacteria;p__Proteobacteria;c__Gammaproteobacteria;o__Enterobacterales;f__Enterobacteriaceae;g__Escherichia,0.771881428571429,0.00809557142857142,9.58630501246723e-06,82,0.00168992680446528,78
bench,transfer,sk__Bacteria;p__Proteobacteria;c__Betaproteobacteria;o__Burkholderiales;f__Oxalobacteraceae;g__Massilia,0.770951571428571,0.00716571428571422,1.61024243663964e-05,69,0.00188379466244303,76
bench,transfer,sk__Bacteria;p__Bacteroidetes;c__Flavobacteriia;o__Flavobacteriales;f__Weeksellaceae;g__Chryseobacterium,0.769929428571429,0.00614357142857136,1.78133345463447e-05,65,0.000855837764612939,123
bench,transfer,sk__Bacteria;p__Actinobacteria;c__Actinomycetia;o__Actinomycetales;f__Actinomycetaceae;g__Actinomyces,0.769595142857143,0.00580928571428563,0.000111396976250737,42,0.0037197443743081,44
bench,transfer,sk__Bacteria;p__Firmicutes;c__Bacilli;o__Bacillales;f__Planococcaceae;g__Solibacillus,0.769452571428571,0.0056667142857143,0.00220381305508678,10,0.00247320340999378,63
bench,transfer,sk__Bacteria;p__Proteobacteria;c__Gammaproteobacteria;o__Enterobacterales;f__Erwiniaceae;g__Erwinia,0.769142571428571,0.00535671428571427,9.06734242791841e-06,84,0.000528103443475625,167
bench,transfer,sk__Bacteria;p__Proteobacteria;c__Alphaproteobacteria;o__Rhodospirillales;f__Acetobacteraceae;g__Roseomonas,0.769047428571429,0.00526157142857142,1.11742593134608e-05,78,0.00283626623705414,54
bench,transfer,sk__Bacteria;p__Proteobacteria;c__Alphaproteobacteria;o__Hyphomicrobiales;f__Bradyrhizobiaceae;g__Bradyrhizobium,0.768928428571429,0.00514257142857133,0.00184461465692738,11,0.0170030117637622,10
bench,transfer,sk__Bacteria;p__Actinobacteria;c__Actinomycetia;o__Corynebacteriales;f__Corynebacteriaceae;g__Corynebacterium,0.768643142857143,0.00485728571428568,0.00293798403302938,7,0.0204142756528931,6
bench,transfer,sk__Bacteria;p__Actinobacteria;c__Actinomycetia;o__Corynebacteriales;f__Gordoniaceae;g__Gordonia,0.768547,0.0047611428571428,1.58303347435291e-05,71,0.00329095370961338,49
bench,transfer,sk__Bacteria;p__Actinobacteria;c__Actinomycetia;o__Corynebacteriales;f__Mycobacteriaceae;g__Mycobacterium,0.768428714285714,0.00464285714285706,6.08538738068658e-05,48,0.00663719969193825,24
bench,transfer,sk__Bacteria;p__Proteobacteria;c__Gammaproteobacteria;o__Pseudomonadales;f__Pseudomonadaceae;g__Pseudomonas,0.768142428571429,0.00435657142857138,0.00463600246854343,3,0.0369394485273131,3
bench,transfer,sk__Bacteria;p__Actinobacteria;c__Actinomycetia;o__Corynebacteriales;f__Nocardiaceae;g__Rhodococcus,0.768071,0.00428514285714277,0.0015854470638154,15,0.016165859258952,11
bench,transfer,sk__Bacteria;p__Proteobacteria;c__Gammaproteobacteria;o__Enterobacterales;f__Erwiniaceae;g__Pantoea,0.767833,0.0040471428571428,0.00101758128377515,19,0.00359584766237342,45
bench,transfer,sk__Bacteria;p__Proteobacteria;c__Gammaproteobacteria;o__Pseudomonadales;f__Moraxellaceae;g__Acinetobacter,0.766595428571429,0.00280957142857141,0.000199497683758238,36,0.00740939876213755,21
bench,transfer,sk__Bacteria;p__Firmicutes;c__Bacilli;o__Lactobacillales;f__Streptococcaceae;g__Streptococcus,0.765773571428571,0.0019877142857142,0.000582450619639459,23,0.00847075852627579,18
bench,transfer,sk__Bacteria;p__Actinobacteria;c__Actinomycetia;o__Geodermatophilales;f__Geodermatophilaceae;g__Geodermatophilus,0.765690428571429,0.00190457142857137,8.23317774610612e-05,47,0.00594145697588593,29
bench,transfer,sk__Bacteria;p__Proteobacteria;c__Gammaproteobacteria;o__Enterobacterales;f__Enterobacteriaceae;g__Salmonella,0.765547714285714,0.00176185714285715,5.4059658595676e-05,51,0.00219094046118138,67
bench,transfer,sk__Bacteria;p__Firmicutes;c__Bacilli;o__Bacillales;f__Planococcaceae;g__Sporosarcina,0.765500142857143,0.00171428571428567,0.0022432827011894,9,0.00245587746767206,64
bench,transfer,sk__Bacteria;p__Actinobacteria;c__Actinomycetia;o__Geodermatophilales;f__Geodermatophilaceae;g__Blastococcus,0.765381,0.0015951428571428,1.97270944475857e-05,64,0.00381822002606114,42
bench,transfer,sk__Bacteria;p__Actinobacteria;c__Actinomycetia;o__Propionibacteriales;f__Nocardioidaceae;g__Pimelobacter,0.765332714285714,0.00154685714285707,4.6656867422205e-06,100,0.00228610085867465,66
bench,transfer,sk__Bacteria;p__Proteobacteria;c__Betaproteobacteria;o__Burkholderiales;f__Comamonadaceae;g__Variovorax,0.765143,0.00135714285714283,3.3393262945417e-05,52,0.00347624184225942,46
bench,transfer,sk__Bacteria;p__Firmicutes;c__Clostridia;o__Eubacteriales;f__Christensenellaceae;g__Christensenella,0.764666714285714,0.000880857142857128,0.00159572276369143,14,0.00668768284668284,23
bench,transfer,sk__Bacteria;p__Deinococcus-Thermus;c__Deinococci;o__Deinococcales;f__Deinococcaceae;g__Deinococcus,0.764499857142857,0.000713999999999992,9.20228455246238e-05,45,0.00611910841139352,26
bench,transfer,sk__Bacteria;p__Actinobacteria;c__Actinomycetia;o__Corynebacteriales;f__Mycobacteriaceae;g__Mycolicibacterium,0.764178,0.000392142857142841,1.97804075977386e-05,63,0.00436290854295875,38
bench,transfer,sk__Bacteria;p__Firmicutes;c__Bacilli;o__Bacillales;f__Staphylococcaceae;g__Macrococcus,0.764166428571429,0.000380571428571397,9.8344211625215e-06,81,0.000399192784203923,197
bench,transfer,sk__Bacteria;p__Actinobacteria;c__Actinomycetia;o__Micromonosporales;f__Micromonosporaceae;g__Actinoplanes,0.763856714285714,7.08571428571503e-05,1.32003370432509e-05,75,0.00332275040239731,48
bench,transfer,sk__Bacteria;p__Actinobacteria;c__Actinomycetia;o__Geodermatophilales;f__Geodermatophilaceae;g__Modestobacter,0.763499714285714,-0.000286142857142901,0.000244933169378253,35,0.00712131143619293,22
bench,transfer,sk__Bacteria;p__Actinobacteria;c__Actinomycetia;o__Micrococcales;f__Brevibacteriaceae;g__Brevibacterium,0.763452714285714,-0.000333142857142921,0.000115644520164387,40,0.00217300019490962,68
bench,transfer,sk__Bacteria;p__Proteobacteria;c__Alphaproteobacteria;o__Sphingomonadales;f__Sphingomonadaceae;g__Sphingopyxis,0.76338,-0.000405857142857124,1.59208733212263e-05,70,0.00286494899241457,53
bench,transfer,sk__Bacteria;p__Actinobacteria;c__Actinomycetia;o__Micrococcales;f__Micrococcaceae;g__Rothia,0.763285571428571,-0.000500285714285731,5.55145746025909e-05,49,0.00266820299241095,59
bench,transfer,sk__Bacteria;p__Actinobacteria;c__Actinomycetia;o__Micrococcales;f__Microbacteriaceae;g__Curtobacterium,0.762905,-0.000880857142857128,2.9555965638979e-05,54,0.00277529967145874,55
bench,transfer,sk__Bacteria;p__Actinobacteria;c__Actinomycetia;o__Micrococcales;f__Promicromonosporaceae;g__Cellulosimicrobium,0.762832714285714,-0.000953142857142875,1.20320676479465e-05,76,0.00243403576236296,65
bench,transfer,sk__Bacteria;p__Proteobacteria;c__Alphaproteobacteria;o__Sphingomonadales;f__Sphingomonadaceae;g__Sphingobium,0.762095285714286,-0.00169057142857143,0.000326299302651848,29,0.00495227716465717,35
bench,transfer,sk__Bacteria;p__Actinobacteria;c__Actinomycetia;o__Propionibacteriales;f__Propionibacteriaceae;g__Cutibacterium,0.762047571428571,-0.0017382857142858,0.00901834432094997,2,0.055105907667795,2
bench,transfer,sk__Bacteria;p__Actinobacteria;c__Actinomycetia;o__Micrococcales;f__Micrococcaceae;g__Kocuria,0.762024285714286,-0.00176157142857147,0.00165654254553455,13,0.0153069123395636,14
bench,transfer,sk__Bacteria;p__Actinobacteria;c__Actinomycetia;o__Micrococcales;f__Cellulomonadaceae;g__Cellulomonas,0.761856857142857,-0.00192900000000007,7.36138491993319e-06,93,0.00338323403832919,47
bench,transfer,sk__Bacteria;p__Proteobacteria;c__Alphaproteobacteria;o__Hyphomicrobiales;f__Rhizobiaceae;g__Pseudorhizobium,0.761833285714286,-0.00195257142857141,1.33924399034291e-05,74,0.000600694647117691,149
bench,transfer,sk__Bacteria;p__Actinobacteria;c__Actinomycetia;o__Pseudonocardiales;f__Pseudonocardiaceae;g__Amycolatopsis,0.761679,-0.00210685714285719,6.41220260708232e-06,95,0.00274979129611782,56
bench,transfer,sk__Bacteria;p__Actinobacteria;c__Actinomycetia;o__Micrococcales;f__Micrococcaceae;g__Micrococcus,0.761547142857143,-0.00223871428571432,0.000510139103025566,25,0.018303735119113,9
bench,transfer,sk__Bacteria;p__Firmicutes;c__Bacilli;o__Lactobacillales;f__Lactobacillaceae;g__Lactobacillus,0.761500428571429,-0.00228542857142866,5.94104170227746e-06,97,0.000765756424583542,130
bench,transfer,sk__Bacteria;p__Actinobacteria;c__Actinomycetia;o__Micrococcales;f__Microbacteriaceae;g__Microbacterium,0.761404571428571,-0.00238128571428575,0.00304057986131989,6,0.0276063825738318,4
bench,transfer,sk__Bacteria;p__Proteobacteria;c__Gammaproteobacteria;o__Pseudomonadales;f__Moraxellaceae;g__Psychrobacter,0.761380714285714,-0.00240514285714288,0.000412927567223201,27,0.00507026279213628,34
bench,transfer,sk__Bacteria;p__Proteobacteria;c__Betaproteobacteria;o__Burkholderiales;f__Burkholderiaceae;g__Cupriavidus,0.761166285714286,-0.0026195714285715,2.66121246245003e-05,57,0.00265298388264213,61
bench,transfer,sk__Bacteria;p__Firmicutes;c__Bacilli;o__Lactobacillales;f__Carnobacteriaceae;g__Carnobacterium,0.760714571428571,-0.00307128571428572,9.92540023833487e-05,43,0.00202238143415603,71
bench,transfer,sk__Bacteria;p__Proteobacteria;c__Gammaproteobacteria;o__Pseudomonadales;f__Moraxellaceae;g__Moraxella,0.760666857142857,-0.00311899999999998,0.000685493704573875,21,0.00604445125794351,28
bench,transfer,sk__Bacteria;p__Firmicutes;c__Bacilli;o__Lactobacillales;f__Streptococcaceae;g__Lactococcus,0.760619,-0.00316685714285714,0.000928073648570859,20,0.00301038272542568,52
bench,transfer,sk__Bacteria;p__Bacteroidetes;c__Bacteroidia;o__Bacteroidales;f__Prevotellaceae;g__Prevotella,0.760500285714286,-0.00328557142857144,1.02359906968577e-05,80,0.00097820657941287,112
bench,transfer,sk__Bacteria;p__Actinobacteria;c__Actinomycetia;o__Micrococcales;f__Intrasporangiaceae;g__Arsenicicoccus,0.760476571428571,-0.00330928571428579,0.000113959068747616,41,0.00301534647101253,51
bench,transfer,sk__Bacteria;p__Cyanobacteria;c__;o__Chroococcidiopsidales;f__Chroococcidiopsidaceae;g__Chroococcidiopsis,0.760356714285714,-0.00342914285714291,8.63100993568986e-06,87,0.000796397228905889,125
bench,transfer,sk__Bacteria;p__Actinobacteria;c__Actinomycetia;o__Streptomycetales;f__Streptomycetaceae;g__Streptomyces,0.760142571428571,-0.00364328571428574,0.000299175038770484,32,0.0195267469561867,8
bench,transfer,sk__Bacteria;p__Firmicutes;c__Bacilli;o__Lactobacillales;f__Lactobacillaceae;g__Leuconostoc,0.759953142857143,-0.0038327142857143,0.000316363679353418,30,0.00448699659870894,36
bench,transfer,sk__Bacteria;p__Actinobacteria;c__Actinomycetia;o__Micrococcales;f__Dermacoccaceae;g__Dermacoccus,0.759714714285714,-0.00407114285714294,0.000191131011729789,37,0.00432572086040111,39
bench,transfer,sk__Bacteria;p__Proteobacteria;c__Alphaproteobacteria;o__Sphingomonadales;f__Sphingomonadaceae;g__Sphingomonas,0.759642857142857,-0.00414300000000001,0.00108089801167556,18,0.0161315663840394,12
bench,transfer,sk__Bacteria;p__Firmicutes;c__Bacilli;o__Bacillales;f__;g__Exiguobacterium,0.759595571428571,-0.0041902857142857,1.68473121893423e-05,67,0.000673158752301262,136
bench,transfer,sk__Bacteria;p__Actinobacteria;c__Actinomycetia;o__Micrococcales;f__Microbacteriaceae;g__Clavibacter,0.759404714285714,-0.00438114285714286,2.79837559057059e-05,56,0.00259560660299317,62
bench,transfer,sk__Bacteria;p__Proteobacteria;c__Alphaproteobacteria;o__Hyphomicrobiales;f__Rhizobiaceae;g__Rhizobium,0.759119571428571,-0.00466628571428573,8.64928195653445e-06,86,0.00193843577013937,74
bench,transfer,sk__Eukaryota;p__Ascomycota;c__Sordariomycetes;o__Sordariales;f__Chaetomiaceae;g__Thermothelomyces,0.758952,-0.00483385714285722,3.13798892890321e-05,53,0.00207847526597179,70
bench,transfer,sk__Bacteria;p__Proteobacteria;c__Alphaproteobacteria;o__Hyphomicrobiales;f__Brucellaceae;g__Brucella,0.758809142857143,-0.00497671428571433,0.00249331767077463,8,0.0120284637053956,16
bench,transfer,sk__Eukaryota;p__Ascomycota;c__Saccharomycetes;o__Saccharomycetales;f__Debaryomycetaceae;g__Candida,0.758690571428571,-0.00509528571428575,8.40093302345606e-06,89,0.00148363191233543,80
bench,transfer,sk__Bacteria;p__Actinobacteria;c__Actinomycetia;o__Propionibacteriales;f__Nocardioidaceae;g__Nocardioides,0.758500142857143,-0.00528571428571434,5.46448287678465e-05,50,0.00760606708304641,20
bench,transfer,sk__Bacteria;p__Actinobacteria;c__Actinomycetia;o__Propionibacteriales;f__Propionibacteriaceae;g__Microlunatus,0.758476428571429,-0.00530942857142858,9.46113582370772e-06,83,0.00265396459486996,60
bench,transfer,sk__Bacteria;p__Actinobacteria;c__Actinomycetia;o__Micrococcales;f__Micrococcaceae;g__Glutamicibacter,0.758000142857143,-0.00578571428571428,4.71931599976506e-06,99,0.000652541220591597,139
bench,transfer,sk__Bacteria;p__Firmicutes;c__Bacilli;o__Lactobacillales;f__Enterococcaceae;g__Enterococcus,0.757833571428571,-0.00595228571428574,0.000258297019725697,34,0.00541444421598594,33
bench,transfer,sk__Bacteria;p__Firmicutes;c__Bacilli;o__Bacillales;f__Listeriaceae;g__Listeria,0.757714142857143,-0.00607171428571429,1.46079491688242e-05,73,0.00172373173482775,77
bench,transfer,sk__Bacteria;p__Firmicutes;c__Bacilli;o__Lactobacillales;f__Lactobacillaceae;g__Weissella,0.757381,-0.00640485714285721,8.74114395713125e-06,85,0.000382303946268392,203
bench,transfer,sk__Bacteria;p__Proteobacteria;c__Alphaproteobacteria;o__Rhodobacterales;f__Rhodobacteraceae;g__Paracoccus,0.757166857142857,-0.00661900000000004,9.26658124373319e-05,44,0.00825785094523209,19
bench,transfer,sk__Bacteria;p__Actinobacteria;c__Actinomycetia;o__Propionibacteriales;f__Propionibacteriaceae;g__Propionibacterium,0.757000428571429,-0.00678542857142861,1.68012668013003e-05,68,0.0013483451594062,88
bench,transfer,sk__Bacteria;p__Actinobacteria;c__Actinomycetia;o__Propionibacteriales;f__Propionibacteriaceae;g__Tessaracoccus,0.756488285714286,-0.00729757142857146,7.99509155740056e-06,91,0.00316111234518138,50
bench,transfer,sk__Bacteria;p__Actinobacteria;c__Actinomycetia;o__Micrococcales;f__Micrococcaceae;g__Arthrobacter,0.75631,-0.00747585714285715,0.000420330379143837,26,0.00611601808989434,27
bench,transfer,sk__Eukaryota;p__Euglenozoa;c__Kinetoplastea;o__Trypanosomatida;f__Trypanosomatidae;g__Leishmania,0.755976571428571,-0.00780928571428574,7.10077526925475e-06,94,0.0012936439038814,95
bench,transfer,sk__Bacteria;p__Proteobacteria;c__Betaproteobacteria;o__Burkholderiales;f__Alcaligenaceae;g__Achromobacter,0.755714571428571,-0.00807128571428573,0.000343873023929341,28,0.00380344420145272,43
bench,transfer,sk__Bacteria;p__Proteobacteria;c__Gammaproteobacteria;o__Xanthomonadales;f__Xanthomonadaceae;g__Xanthomonas,0.755047857142857,-0.00873800000000002,2.551122511155e-05,58,0.00267571240085637,58
bench,transfer,sk__Bacteria;p__Proteobacteria;c__Gammaproteobacteria;o__Xanthomonadales;f__Xanthomonadaceae;g__Stenotrophomonas,0.755024142857143,-0.00876171428571437,0.00407595102517566,5,0.0225593341947986,5
bench,transfer,sk__Bacteria;p__Proteobacteria;c__Gammaproteobacteria;o__Xanthomonadales;f__Xanthomonadaceae;g__Luteimonas,0.754928571428571,-0.00885728571428579,1.54117428744121e-05,72,0.000536674181279001,164
bench,transfer,sk__Bacteria;p__Proteobacteria;c__Betaproteobacteria;o__Burkholderiales;f__Burkholderiaceae;g__Burkholderia,0.754880285714286,-0.00890557142857151,7.63596277153856e-06,92,0.00272454067136381,57
bench,transfer,sk__Bacteria;p__Actinobacteria;c__Actinomycetia;o__Pseudonocardiales;f__Pseudonocardiaceae;g__Pseudonocardia,0.754738,-0.00904785714285716,1.9802132561099e-05,62,0.0043810661687931,37
bench,transfer,sk__Bacteria;p__Proteobacteria;c__Alphaproteobacteria;o__Caulobacterales;f__Caulobacteraceae;g__Brevundimonas,0.754666714285714,-0.00911914285714288,0.00435269292338524,4,0.0195534711938578,7
bench,transfer,sk__Bacteria;p__Proteobacteria;c__Alphaproteobacteria;o__Hyphomicrobiales;f__Methylobacteriaceae;g__Methylorubrum,0.753714142857143,-0.0100717142857143,8.23557012121245e-05,46,0.0039566907254239,40
bench,transfer,sk__Eukaryota;p__Ascomycota;c__Sordariomycetes;o__Sordariales;f__Chaetomiaceae;g__Thermothielavioides,0.752762,-0.0110238571428571,1.73396387050239e-05,66,0.00143145969791648,84
bench,transfer,sk__Bacteria;p__Proteobacteria;c__Alphaproteobacteria;o__Hyphomicrobiales;f__Methylobacteriaceae;g__Methylobacterium,0.7525,-0.0112858571428572,0.00149590527449693,16,0.0151837037500383,15
bench,transfer,sk__Bacteria;p__Bacteroidetes;c__Cytophagia;o__Cytophagales;f__Hymenobacteraceae;g__Hymenobacter,0.752475428571429,-0.0113104285714286,0.000159076001060791,39,0.0065865070903956,25
bench,transfer,sk__Bacteria;p__Actinobacteria;c__Actinomycetia;o__Micrococcales;f__Intrasporangiaceae;g__Janibacter,0.752404714285714,-0.0113811428571429,0.00122429490033053,17,0.00931407938503731,17
bench,transfer,sk__Bacteria;p__Actinobacteria;c__Actinomycetia;o__Micrococcales;f__Kytococcaceae;g__Kytococcus,0.751310285714286,-0.0124755714285715,1.03374471251413e-05,79,0.00135971208485407,87
bench,transfer,sk__Bacteria;p__Proteobacteria;c__Alphaproteobacteria;o__Hyphomicrobiales;f__Brucellaceae;g__Ochrobactrum,0.750524,-0.0132618571428572,2.18299556836931e-05,59,0.000562934854850722,159
bench,transfer,sk__Bacteria;p__Actinobacteria;c__Actinomycetia;o__Micrococcales;f__Dermabacteraceae;g__Brachybacterium,0.749070857142857,-0.014715,0.000556568912282328,24,0.00581951567463839,30
bench,transfer,sk__Bacteria;p__Proteobacteria;c__Gammaproteobacteria;o__Enterobacterales;f__Yersiniaceae;g__Serratia,0.747047428571429,-0.0167384285714286,6.39305007255139e-06,96,0.000721977642002884,132
bench,transfer,sk__Bacteria;p__Proteobacteria;c__Gammaproteobacteria;o__Enterobacterales;f__Yersiniaceae;g__Rahnella,0.738928428571429,-0.0248574285714286,2.94745971358188e-05,55,0.000367715636105434,208
door,transfer,sk__Bacteria;p__Actinobacteria;c__Actinomycetia;o__Bifidobacteriales;f__Bifidobacteriaceae;g__Gardnerella,0.8564,0.0281,7.04241665836683e-06,85,0.00055225076683348,131
door,transfer,sk__Bacteria;p__Firmicutes;c__Bacilli;o__Bacillales;f__Paenibacillaceae;g__Paenibacillus,0.8551,0.0267999999999999,8.65942143257903e-05,40,0.00113138364901879,85
door,transfer,sk__Bacteria;p__Actinobacteria;c__Actinomycetia;o__Bifidobacteriales;f__Bifidobacteriaceae;g__Bifidobacterium,0.8527,0.0244,5.40991953313255e-06,88,0.000916531403500579,93
door,transfer,sk__Bacteria;p__Firmicutes;c__Bacilli;o__Bacillales;f__Bacillaceae;g__Lysinibacillus,0.85085,0.02255,0.00237372829803037,11,0.00584987318373813,26
door,transfer,sk__Bacteria;p__Actinobacteria;c__Actinomycetia;o__Actinomycetales;f__Actinomycetaceae;g__Actinomyces,0.8508,0.0225,6.9042496847156e-05,47,0.00431108221022131,32
door,transfer,sk__Bacteria;p__Proteobacteria;c__Gammaproteobacteria;o__Enterobacterales;f__Enterobacteriaceae;g__Klebsiella,0.8498,0.0215,7.98132736240155e-05,42,0.00395368097242023,34
door,transfer,sk__Bacteria;p__Proteobacteria;c__Alphaproteobacteria;o__Rhodospirillales;f__Acetobacteraceae;g__Roseomonas,0.84935,0.02105,3.88828110842147e-06,100,0.00162201990990274,63
door,transfer,sk__Bacteria;p__Proteobacteria;c__Gammaproteobacteria;o__Enterobacterales;f__Morganellaceae;g__Proteus,0.84935,0.02105,4.75356925648806e-05,50,0.000566130957167708,129
door,transfer,sk__Bacteria;p__Proteobacteria;c__Gammaproteobacteria;o__Enterobacterales;f__Enterobacteriaceae;g__Enterobacter,0.8493,0.021,0.0012157697429102,17,0.00863641854588316,19
door,transfer,sk__Bacteria;p__Firmicutes;c__Bacilli;o__Bacillales;f__Bacillaceae;g__Priestia,0.84915,0.0208499999999999,1.16030600352694e-05,76,0.000420484836338123,151
door,transfer,sk__Bacteria;p__Actinobacteria;c__Actinomycetia;o__Micrococcales;f__Dermabacteraceae;g__Brachybacterium,0.84765,0.01935,7.20031503318531e-05,44,0.00522005797691193,27
door,transfer,sk__Bacteria;p__Firmicutes;c__Clostridia;o__Eubacteriales;f__Lachnospiraceae;g__Lacrimispora,0.84625,0.0179499999999999,8.96422975843686e-05,37,0.00120102838506915,83
door,transfer,sk__Bacteria;p__Actinobacteria;c__Actinomycetia;o__Propionibacteriales;f__Propionibacteriaceae;g__Propionibacterium,0.8462,0.0178999999999999,4.80580477988554e-05,49,0.00247512659173375,47
door,transfer,sk__Bacteria;p__Actinobacteria;c__Actinomycetia;o__Propionibacteriales;f__Nocardioidaceae;g__Nocardioides,0.8459,0.0175999999999999,9.53790790306766e-06,81,0.00260456748855523,43
door,transfer,sk__Bacteria;p__Actinobacteria;c__Actinomycetia;o__Corynebacteriales;f__Mycobacteriaceae;g__Mycolicibacterium,0.84575,0.01745,0.000139474864076842,33,0.0040658206481567,33
door,transfer,sk__Bacteria;p__Proteobacteria;c__Gammaproteobacteria;o__Enterobacterales;f__Enterobacteriaceae;g__Citrobacter,0.84535,0.01705,2.16475945701155e-05,63,0.000813083706253356,107
door,transfer,sk__Bacteria;p__Proteobacteria;c__Gammaproteobacteria;o__Enterobacterales;f__Enterobacteriaceae;g__Cronobacter,0.8453,0.017,0.000249697552642278,29,0.00161611786827157,64
door,transfer,sk__Bacteria;p__Proteobacteria;c__Gammaproteobacteria;o__Enterobacterales;f__Erwiniaceae;g__Pantoea,0.84455,0.01625,8.65611949871861e-05,41,0.00256350181751216,45
door,transfer,sk__Bacteria;p__Proteobacteria;c__Gammaproteobacteria;o__Xanthomonadales;f__Xanthomonadaceae;g__Xanthomonas,0.84435,0.01605,3.52583289637994e-05,54,0.00334875326821521,38
door,transfer,sk__Bacteria;p__Actinobacteria;c__Actinomycetia;o__Corynebacteriales;f__Nocardiaceae;g__Rhodococcus,0.8435,0.0152,0.00203078570168964,12,0.0103618612060864,15
door,transfer,sk__Bacteria;p__Actinobacteria;c__Actinomycetia;o__Propionibacteriales;f__Propionibacteriaceae;g__Cutibacterium,0.8435,0.0152,0.0231704197137247,3,0.123770237429912,2
door,transfer,sk__Bacteria;p__Actinobacteria;c__Actinomycetia;o__Corynebacteriales;f__Gordoniaceae;g__Gordonia,0.8435,0.0152,0.00379450705951869,8,0.0201951032426062,8
door,transfer,sk__Bacteria;p__Actinobacteria;c__Actinomycetia;o__Corynebacteriales;f__Corynebacteriaceae;g__Corynebacterium,0.84335,0.01505,0.000341621101446011,24,0.0184526090190289,9
door,transfer,sk__Bacteria;p__Proteobacteria;c__Gammaproteobacteria;o__Enterobacterales;f__Enterobacteriaceae;g__Kosakonia,0.8432,0.0148999999999999,2.37360005994348e-05,59,0.000873348058221528,96
door,transfer,sk__Bacteria;p__Actinobacteria;c__Actinomycetia;o__Corynebacteriales;f__Dietziaceae;g__Dietzia,0.8427,0.0144,1.40682773891951e-05,72,0.00087266938077563,97
door,transfer,sk__Bacteria;p__Actinobacteria;c__Actinomycetia;o__Micrococcales;f__Dermacoccaceae;g__Dermacoccus,0.8423,0.014,0.00133991904927158,14,0.0142164966575293,12
door,transfer,sk__Bacteria;p__Proteobacteria;c__Gammaproteobacteria;o__Xanthomonadales;f__Xanthomonadaceae;g__Stenotrophomonas,0.8423,0.014,0.00475304182035525,6,0.0164203463567591,11
door,transfer,sk__Bacteria;p__Proteobacteria;c__Gammaproteobacteria;o__Enterobacterales;f__Enterobacteriaceae;g__Escherichia,0.8422,0.0138999999999999,1.26340670290484e-05,75,0.000857783206501097,98
door,transfer,sk__Bacteria;p__Firmicutes;c__Negativicutes;o__Veillonellales;f__Veillonellaceae;g__Negativicoccus,0.8417,0.0134,0.0504838824757691,1,0.206638297898017,1
door,transfer,sk__Bacteria;p__Actinobacteria;c__Actinomycetia;o__Streptomycetales;f__Streptomycetaceae;g__Streptomyces,0.8414,0.0131,8.93390935961866e-05,39,0.00935528905145981,16
door,transfer,sk__Bacteria;p__Deinococcus-Thermus;c__Deinococci;o__Deinococcales;f__Deinococcaceae;g__Deinococcus,0.84135,0.01305,9.95558275240079e-06,80,0.00185575887728838,54
door,transfer,sk__Bacteria;p__Proteobacteria;c__Alphaproteobacteria;o__Rhodobacterales;f__Rhodobacteraceae;g__Paracoccus,0.84075,0.01245,0.000187732909464241,30,0.00731738149485288,21
door,transfer,sk__Bacteria;p__Proteobacteria;c__Alphaproteobacteria;o__Hyphomicrobiales;f__Brucellaceae;g__Brucella,0.8402,0.0119,0.000504377529907278,23,0.00207609568773426,50
door,transfer,sk__Bacteria;p__Actinobacteria;c__Actinomycetia;o__Micrococcales;f__Promicromonosporaceae;g__Cellulosimicrobium,0.83995,0.0116499999999999,0.00336622263600635,9,0.00885627378298421,17
door,transfer,sk__Bacteria;p__Proteobacteria;c__Alphaproteobacteria;o__Caulobacterales;f__Caulobacteraceae;g__Phenylobacterium,0.83975,0.01145,2.29475034010758e-05,60,0.000831189661602546,101
door,transfer,sk__Bacteria;p__Actinobacteria;c__Actinomycetia;o__Micrococcales;f__Microbacteriaceae;g__Microbacterium,0.8396,0.0113,0.00406350573211775,7,0.0254582503295682,6
door,transfer,sk__Bacteria;p__Actinobacteria;c__Actinomycetia;o__Corynebacteriales;f__Mycobacteriaceae;g__Mycobacterium,0.8394,0.0111,7.89041051455585e-05,43,0.00461132209071643,29
door,transfer,sk__Bacteria;p__Proteobacteria;c__Gammaproteobacteria;o__Xanthomonadales;f__Xanthomonadaceae;g__Luteimonas,0.83925,0.01095,8.93497724375734e-05,38,0.00138365003164118,73
door,transfer,sk__Bacteria;p__Proteobacteria;c__Gammaproteobacteria;o__Xanthomonadales;f__Xanthomonadaceae;g__Lysobacter,0.8392,0.0108999999999999,4.81806852581521e-06,94,0.00139783274138377,71
door,transfer,sk__Bacteria;p__Firmicutes;c__Bacilli;o__Bacillales;f__Planococcaceae;g__Solibacillus,0.8391,0.0107999999999999,3.83784719360826e-05,52,0.000929465036781275,91
door,transfer,sk__Bacteria;p__Proteobacteria;c__Alphaproteobacteria;o__Caulobacterales;f__Caulobacteraceae;g__Caulobacter,0.8391,0.0107999999999999,8.29238723358309e-06,84,0.00153850402083026,67
door,transfer,sk__Bacteria;p__Actinobacteria;c__Actinomycetia;o__Micrococcales;f__Microbacteriaceae;g__Curtobacterium,0.839,0.0106999999999999,4.03374781899773e-05,51,0.00163618069733576,61
door,transfer,sk__Bacteria;p__Actinobacteria;c__Actinomycetia;o__Micrococcales;f__Kytococcaceae;g__Kytococcus,0.83895,0.0106499999999999,0.000282874517763905,26,0.00460915619164789,30
door,transfer,sk__Bacteria;p__Actinobacteria;c__Actinomycetia;o__Geodermatophilales;f__Geodermatophilaceae;g__Blastococcus,0.8388,0.0105,3.34021014723635e-05,55,0.00168898504011145,58
door,transfer,sk__Bacteria;p__Firmicutes;c__Bacilli;o__Bacillales;f__;g__Exiguobacterium,0.83865,0.01035,2.89761436049527e-05,57,0.000819746106034262,105
door,transfer,sk__Bacteria;p__Actinobacteria;c__Actinomycetia;o__Micrococcales;f__Intrasporangiaceae;g__Janibacter,0.83845,0.01015,0.00607987534194107,4,0.0229358822684168,7
door,transfer,sk__Bacteria;p__Actinobacteria;c__Actinomycetia;o__Micrococcales;f__Micrococcaceae;g__Arthrobacter,0.83825,0.00995000000000001,1.59977827996619e-05,69,0.00223196511118437,48
door,transfer,sk__Bacteria;p__Actinobacteria;c__Actinomycetia;o__Micrococcales;f__Brevibacteriaceae;g__Brevibacterium,0.8382,0.00990000000000002,4.94176343174962e-05,48,0.00191440940601944,53
door,transfer,sk__Bacteria;p__Proteobacteria;c__Gammaproteobacteria;o__Enterobacterales;f__Enterobacteriaceae;g__Leclercia,0.8373,0.00900000000000001,0.000264645518245723,27,0.00265540347703396,41
door,transfer,sk__Bacteria;p__Bacteroidetes;c__Flavobacteriia;o__Flavobacteriales;f__Weeksellaceae;g__Chryseobacterium,0.8371,0.00879999999999992,4.87546502296665e-06,92,0.00063300698158747,119
door,transfer,sk__Bacteria;p__Proteobacteria;c__Gammaproteobacteria;o__Pseudomonadales;f__Moraxellaceae;g__Psychrobacter,0.8367,0.00839999999999996,0.000702518954801177,21,0.0045058934513256,31
door,transfer,sk__Bacteria;p__Firmicutes;c__Bacilli;o__Lactobacillales;f__Aerococcaceae;g__Aerococcus,0.8366,0.00829999999999997,1.04714537740494e-05,78,0.000684628064888243,115
door,transfer,sk__Bacteria;p__Actinobacteria;c__Actinomycetia;o__Micrococcales;f__Dermacoccaceae;g__Luteipulveratus,0.83655,0.00824999999999998,2.42086346617445e-05,58,0.00153448394350567,68
door,transfer,sk__Bacteria;p__Proteobacteria;c__Alphaproteobacteria;o__Hyphomicrobiales;f__Bradyrhizobiaceae;g__Bradyrhizobium,0.83645,0.00814999999999999,0.00564302126435782,5,0.058117844815507,4
door,transfer,sk__Bacteria;p__Firmicutes;c__Bacilli;o__Lactobacillales;f__Carnobacteriaceae;g__Carnobacterium,0.8363,0.00800000000000001,2.21244111398251e-05,62,0.000744944484749536,110
door,transfer,sk__Bacteria;p__Proteobacteria;c__Gammaproteobacteria;o__Enterobacterales;f__Yersiniaceae;g__Serratia,0.8363,0.00800000000000001,5.29778384618885e-06,89,0.000624436652591971,122
door,transfer,sk__Bacteria;p__Proteobacteria;c__Gammaproteobacteria;o__Pseudomonadales;f__Moraxellaceae;g__Acinetobacter,0.8362,0.00790000000000002,0.000722991115046575,20,0.0109735881056684,14
door,transfer,sk__Bacteria;p__Firmicutes;c__Clostridia;o__Eubacteriales;f__Clostridiaceae;g__Clostridium,0.83615,0.00784999999999991,7.0865722728142e-05,46,0.00163436424398406,62
door,transfer,sk__Bacteria;p__Actinobacteria;c__Actinomycetia;o__Geodermatophilales;f__Geodermatophilaceae;g__Geodermatophilus,0.8361,0.00779999999999992,0.000107377064720582,34,0.00376276062409875,35
door,transfer,sk__Bacteria;p__Proteobacteria;c__Alphaproteobacteria;o__Hyphomicrobiales;f__Rhizobiaceae;g__Rhizobium,0.836,0.00769999999999993,3.31713658819957e-05,56,0.00213135243062057,49
door,transfer,sk__Bacteria;p__Firmicutes;c__Bacilli;o__Bacillales;f__Planococcaceae;g__Rummeliibacillus,0.8358,0.00749999999999995,0.00127321064055711,16,0.00337412499516574,37
door,transfer,sk__Bacteria;p__Proteobacteria;c__Gammaproteobacteria;o__Alteromonadales;f__Shewanellaceae;g__Shewanella,0.83535,0.00705,1.49472051433416e-05,70,0.00122442613623404,79
door,transfer,sk__Bacteria;p__Bacteroidetes;c__Flavobacteriia;o__Flavobacteriales;f__Weeksellaceae;g__Planobacterium,0.83505,0.00674999999999992,1.65166172030038e-05,68,0.00134280536836143,76
door,transfer,sk__Bacteria;p__Proteobacteria;c__Alphaproteobacteria;o__Hyphomicrobiales;f__Rhizobiaceae;g__Pseudorhizobium,0.83495,0.00664999999999993,0.00112024302203224,18,0.00271363633681728,40
door,transfer,sk__Bacteria;p__Proteobacteria;c__Gammaproteobacteria;o__Pseudomonadales;f__Moraxellaceae;g__Moraxella,0.83495,0.00664999999999993,0.000105199817323468,35,0.00633866865653591,24
door,transfer,sk__Bacteria;p__Actinobacteria;c__Actinomycetia;o__Micrococcales;f__Intrasporangiaceae;g__Arsenicicoccus,0.83495,0.00664999999999993,4.45877526887541e-06,96,0.00121587981536603,81
door,transfer,sk__Bacteria;p__Proteobacteria;c__Alphaproteobacteria;o__Caulobacterales;f__Caulobacteraceae;g__Brevundimonas,0.83415,0.00584999999999991,0.000724610981837873,19,0.0110124161203714,13
door,transfer,sk__Eukaryota;p__Ascomycota;c__Sordariomycetes;o__Sordariales;f__Chaetomiaceae;g__Thermothelomyces,0.8341,0.00580000000000003,5.88950953781948e-06,87,0.00122387921830192,80
door,transfer,sk__Bacteria;p__Proteobacteria;c__Gammaproteobacteria;o__Enterobacterales;f__Enterobacteriaceae;g__Pluralibacter,0.83375,0.00544999999999995,4.8991425397728e-06,90,0.000349588484675056,171
door,transfer,sk__Bacteria;p__Firmicutes;c__Clostridia;o__Eubacteriales;f__Christensenellaceae;g__Christensenella,0.8335,0.00519999999999998,3.54627631238619e-05,53,0.00198567251539431,51
door,transfer,sk__Bacteria;p__Proteobacteria;c__Betaproteobacteria;o__Burkholderiales;f__Burkholderiaceae;g__Cupriavidus,0.8334,0.00509999999999999,0.000103339410897001,36,0.00803210234130333,20
door,transfer,sk__Bacteria;p__Bacteroidetes;c__Sphingobacteriia;o__Sphingobacteriales;f__Sphingobacteriaceae;g__Sphingobacterium,0.8334,0.00509999999999999,1.36837562654637e-05,73,0.000631457271207815,120
door,transfer,sk__Bacteria;p__Actinobacteria;c__Actinomycetia;o__Micrococcales;f__Micrococcaceae;g__Micrococcus,0.833,0.00469999999999993,0.0012979171827168,15,0.0282998346579211,5
door,transfer,sk__Bacteria;p__Firmicutes;c__Bacilli;o__Bacillales;f__Staphylococcaceae;g__Staphylococcus,0.83295,0.00464999999999993,0.000155495760368518,32,0.00479680589077792,28
door,transfer,sk__Bacteria;p__Actinobacteria;c__Actinomycetia;o__Micrococcales;f__Micrococcaceae;g__Kocuria,0.8321,0.00379999999999991,0.00202875572729167,13,0.01671909818254,10
door,transfer,sk__Eukaryota;p__Euglenozoa;c__Kinetoplastea;o__Trypanosomatida;f__Trypanosomatidae;g__Leishmania,0.8321,0.00379999999999991,1.4898814138694e-05,71,0.00157661961114157,66
door,transfer,sk__Bacteria;p__Proteobacteria;c__Alphaproteobacteria;o__Hyphomicrobiales;f__Methylobacteriaceae;g__Methylobacterium,0.832075,0.00377499999999997,0.000329084302862016,25,0.00879003724290351,18
door,transfer,sk__Bacteria;p__Actinobacteria;c__Actinomycetia;o__Geodermatophilales;f__Geodermatophilaceae;g__Modestobacter,0.8316,0.00329999999999997,1.85961179796971e-05,64,0.00159754409418793,65
door,transfer,sk__Bacteria;p__Proteobacteria;c__Betaproteobacteria;o__Burkholderiales;f__Comamonadaceae;g__Ramlibacter,0.83065,0.00234999999999996,8.67144683512111e-06,82,0.000827587075576669,102
door,transfer,sk__Bacteria;p__Proteobacteria;c__Alphaproteobacteria;o__Hyphomicrobiales;f__Methylobacteriaceae;g__Methylorubrum,0.829875,0.00157499999999999,2.2918924643595e-05,61,0.00317381283243302,39
door,transfer,sk__Bacteria;p__Firmicutes;c__Bacilli;o__Lactobacillales;f__Lactobacillaceae;g__Leuconostoc,0.82945,0.00114999999999998,0.000260163990696239,28,0.00251260842941675,46
door,transfer,sk__Bacteria;p__Actinobacteria;c__Actinomycetia;o__Micrococcales;f__Micrococcaceae;g__Rothia,0.8294,0.00109999999999999,1.71292540522951e-05,66,0.00261503370845762,42
door,transfer,sk__Bacteria;p__Proteobacteria;c__Gammaproteobacteria;o__Enterobacterales;f__Enterobacteriaceae;g__Raoultella,0.8292,0.000900000000000012,4.88316380593558e-06,91,0.00039855474721661,158
door,transfer,sk__Bacteria;p__Proteobacteria;c__Alphaproteobacteria;o__Sphingomonadales;f__Sphingomonadaceae;g__Sphingomonas,0.82835,4.99999999999945e-05,7.17735367391723e-05,45,0.00670366078463275,23
door,transfer,sk__Bacteria;p__Proteobacteria;c__Gammaproteobacteria;o__Enterobacterales;f__Enterobacteriaceae;g__Salmonella,0.8282,-9.9999999999989e-05,4.12693421459614e-06,99,0.0003839563587422,162
door,transfer,sk__Bacteria;p__Proteobacteria;c__Betaproteobacteria;o__Burkholderiales;f__Alcaligenaceae;g__Bordetella,0.82765,-0.000650000000000039,1.77221653578257e-05,65,0.00135464335099241,74
door,transfer,sk__Bacteria;p__Proteobacteria;c__Alphaproteobacteria;o__Sphingomonadales;f__Sphingomonadaceae;g__Sphingobium,0.8275,-0.000800000000000023,1.32696927325108e-05,74,0.00256977811196607,44
door,transfer,sk__Bacteria;p__Firmicutes;c__Bacilli;o__Lactobacillales;f__Enterococcaceae;g__Enterococcus,0.8271,-0.00120000000000009,4.82362856186352e-06,93,0.000665865493930299,117
door,transfer,sk__Bacteria;p__Proteobacteria;c__Gammaproteobacteria;o__Aeromonadales;f__Aeromonadaceae;g__Aeromonas,0.82705,-0.00125000000000008,1.68843278227929e-05,67,0.00134989512754294,75
door,transfer,sk__Bacteria;p__Bacteroidetes;c__Cytophagia;o__Cytophagales;f__Hymenobacteraceae;g__Hymenobacter,0.8264,-0.00190000000000001,1.03143575977244e-05,79,0.00100863906965346,88
door,transfer,sk__Bacteria;p__Firmicutes;c__Bacilli;o__Lactobacillales;f__Streptococcaceae;g__Streptococcus,0.8258,-0.00250000000000006,0.000156685381748103,31,0.00602168258272631,25
door,transfer,sk__Bacteria;p__Firmicutes;c__Bacilli;o__Bacillales;f__Bacillaceae;g__Bacillus,0.8254,-0.00290000000000001,0.000546248122134346,22,0.00353276890041046,36
door,transfer,sk__Bacteria;p__Proteobacteria;c__Gammaproteobacteria;o__Pseudomonadales;f__Pseudomonadaceae;g__Pseudomonas,0.82455,-0.00375000000000003,0.0281940376209644,2,0.071140523389227,3
door,transfer,sk__Bacteria;p__Proteobacteria;c__Betaproteobacteria;o__Burkholderiales;f__Comamonadaceae;g__Variovorax,0.82325,-0.00505,4.59585894882405e-06,95,0.00148768996062015,69
door,transfer,sk__Bacteria;p__Proteobacteria;c__Deltaproteobacteria;o__Myxococcales;f__Archangiaceae;g__Melittangium,0.8224,-0.00590000000000002,4.30636725071044e-06,97,0.000353550086186353,168
door,transfer,sk__Bacteria;p__Proteobacteria;c__Betaproteobacteria;o__Burkholderiales;f__Burkholderiaceae;g__Ralstonia,0.82185,-0.00645000000000007,4.16848523564517e-06,98,0.00177697655653388,56
door,transfer,sk__Bacteria;p__Firmicutes;c__Bacilli;o__Lactobacillales;f__Streptococcaceae;g__Lactococcus,0.82155,-0.00675000000000003,1.07167375480234e-05,77,0.000798647946168051,108
door,transfer,sk__Bacteria;p__Proteobacteria;c__Deltaproteobacteria;o__Myxococcales;f__Archangiaceae;g__Cystobacter,0.8207,-0.00760000000000005,8.64922622150967e-06,83,0.000493742257549938,139
door,transfer,sk__Bacteria;p__Proteobacteria;c__Betaproteobacteria;o__Burkholderiales;f__Alcaligenaceae;g__Achromobacter,0.81735,-0.01095,0.00250972908162859,10,0.00681351876877788,22
door,transfer,sk__Bacteria;p__Proteobacteria;c__Betaproteobacteria;o__Burkholderiales;f__Oxalobacteraceae;g__Massilia,0.8128,-0.0155000000000001,6.34391564833045e-06,86,0.00130346689012189,77
handrail,transfer,sk__Bacteria;p__Firmicutes;c__Bacilli;o__Lactobacillales;f__Streptococcaceae;g__Lactococcus,0.813430555555556,0.0181317777777777,0.000200888136244239,25,0.00164539611351332,70
handrail,transfer,sk__Bacteria;p__Firmicutes;c__Bacilli;o__Lactobacillales;f__Streptococcaceae;g__Streptococcus,0.806750111111111,0.0114513333333333,0.000353718723257686,20,0.0128692873517497,13
handrail,transfer,sk__Bacteria;p__Actinobacteria;c__Actinomycetia;o__Corynebacteriales;f__Gordoniaceae;g__Gordonia,0.806638888888889,0.0113401111111111,0.00011173217747872,35,0.00577890791141103,24
handrail,transfer,sk__Bacteria;p__Proteobacteria;c__Alphaproteobacteria;o__Hyphomicrobiales;f__Bradyrhizobiaceae;g__Bradyrhizobium,0.806312444444444,0.0110136666666667,0.00809734114588885,3,0.0551574626549523,3
handrail,transfer,sk__Bacteria;p__Actinobacteria;c__Actinomycetia;o__Corynebacteriales;f__Corynebacteriaceae;g__Corynebacterium,0.804687444444444,0.0093886666666666,0.00046017558974536,17,0.0194677713523118,6
handrail,transfer,sk__Bacteria;p__Actinobacteria;c__Actinomycetia;o__Corynebacteriales;f__Dietziaceae;g__Dietzia,0.804097222222222,0.00879844444444444,7.8297200247037e-06,83,0.00082910428442921,117
handrail,transfer,sk__Bacteria;p__Proteobacteria;c__Alphaproteobacteria;o__Hyphomicrobiales;f__Brucellaceae;g__Ochrobactrum,0.803166666666667,0.0078678888888889,6.5475505335881e-06,89,0.000171751124278197,297
handrail,transfer,sk__Bacteria;p__Proteobacteria;c__Alphaproteobacteria;o__Hyphomicrobiales;f__Brucellaceae;g__Brucella,0.803145888888889,0.00784711111111114,7.35103275021626e-05,39,0.00122603682231861,97
handrail,transfer,sk__Archaea;p__Euryarchaeota;c__Methanomicrobia;o__Methanomicrobiales;f__Methanomicrobiaceae;g__Methanoculleus,0.8025,0.00720122222222219,2.02261610129695e-05,60,0.000358907537270357,206
handrail,transfer,sk__Bacteria;p__Firmicutes;c__Bacilli;o__Bacillales;f__Planococcaceae;g__Planococcus,0.801694555555556,0.00639577777777778,5.58684129620006e-06,97,0.00027447386300774,242
handrail,transfer,sk__Bacteria;p__Actinobacteria;c__Actinomycetia;o__Micrococcales;f__Micrococcaceae;g__Kocuria,0.800791666666667,0.00549288888888888,0.0013445143749004,8,0.0161602571127883,11
handrail,transfer,sk__Bacteria;p__Actinobacteria;c__Actinomycetia;o__Actinomycetales;f__Actinomycetaceae;g__Actinomyces,0.799923555555556,0.00462477777777781,5.58293452434199e-05,41,0.00561411815580779,25
handrail,transfer,sk__Bacteria;p__Actinobacteria;c__Actinomycetia;o__Micrococcales;f__Micrococcaceae;g__Micrococcus,0.79975,0.00445122222222216,0.000965984550983424,12,0.0216622847469872,5
handrail,transfer,sk__Bacteria;p__Actinobacteria;c__Actinomycetia;o__Micrococcales;f__Dermacoccaceae;g__Dermacoccus,0.799486111111111,0.00418733333333332,0.000436668865524288,18,0.00519630540608477,27
handrail,transfer,sk__Bacteria;p__Firmicutes;c__Bacilli;o__Lactobacillales;f__Carnobacteriaceae;g__Carnobacterium,0.798923777777778,0.00362499999999999,9.2604316054754e-05,37,0.00124975075521796,95
handrail,transfer,sk__Bacteria;p__Proteobacteria;c__Gammaproteobacteria;o__Pseudomonadales;f__Moraxellaceae;g__Moraxella,0.798201333333333,0.00290255555555552,0.000153435940750394,28,0.00788603775064173,18
handrail,transfer,sk__Bacteria;p__Proteobacteria;c__Gammaproteobacteria;o__Pseudomonadales;f__Moraxellaceae;g__Psychrobacter,0.797569333333333,0.00227055555555555,0.000599478337183411,15,0.00460284088829939,33
handrail,transfer,sk__Bacteria;p__Actinobacteria;c__Actinomycetia;o__Micrococcales;f__Micrococcaceae;g__Arthrobacter,0.797513888888889,0.00221511111111106,4.20772092156142e-05,47,0.00319990966793217,38
handrail,transfer,sk__Bacteria;p__Firmicutes;c__Negativicutes;o__Veillonellales;f__Veillonellaceae;g__Veillonella,0.797499888888889,0.0022011111111111,6.21582314290907e-06,90,0.00121303036645983,98
handrail,transfer,sk__Bacteria;p__Actinobacteria;c__Actinomycetia;o__Micrococcales;f__Microbacteriaceae;g__Microbacterium,0.797222222222222,0.00192344444444448,0.00208128877615507,6,0.018511827558915,8
handrail,transfer,sk__Bacteria;p__Actinobacteria;c__Actinomycetia;o__Micrococcales;f__Intrasporangiaceae;g__Arsenicicoccus,0.797069444444444,0.0017706666666667,1.4697608779692e-05,70,0.00155356198619049,77
handrail,transfer,sk__Bacteria;p__Proteobacteria;c__Betaproteobacteria;o__Burkholderiales;f__Alcaligenaceae;g__Achromobacter,0.796944555555556,0.00164577777777775,4.67423343190086e-05,43,0.00165050693836875,69
handrail,transfer,sk__Bacteria;p__Firmicutes;c__Clostridia;o__Eubacteriales;f__Clostridiaceae;g__Clostridium,0.796034555555556,0.00073577777777778,6.64768295605869e-06,88,0.000259792924904035,248
handrail,transfer,sk__Bacteria;p__Actinobacteria;c__Actinomycetia;o__Propionibacteriales;f__Propionibacteriaceae;g__Cutibacterium,0.795041666666667,-0.000257111111111152,0.0134742214164098,2,0.106457180755067,2
handrail,transfer,sk__Bacteria;p__Actinobacteria;c__Actinomycetia;o__Micrococcales;f__Dermabacteraceae;g__Brachybacterium,0.794298666666667,-0.00100011111111109,0.00012602886979559,33,0.00508808438957306,29
handrail,transfer,sk__Bacteria;p__Cyanobacteria;c__;o__Chroococcidiopsidales;f__Chroococcidiopsidaceae;g__Chroococcidiopsis,0.794159777777778,-0.001139,4.90988813730714e-05,42,0.00172579192369631,65
handrail,transfer,sk__Bacteria;p__Firmicutes;c__Bacilli;o__Lactobacillales;f__Aerococcaceae;g__Aerococcus,0.793256888888889,-0.0020418888888889,3.35706481814442e-05,52,0.000860203620131542,110
handrail,transfer,sk__Bacteria;p__Firmicutes;c__Bacilli;o__Lactobacillales;f__Enterococcaceae;g__Enterococcus,0.792812555555556,-0.00248622222222228,0.000186537654743185,27,0.00271431732719661,45
handrail,transfer,sk__Bacteria;p__Actinobacteria;c__Actinomycetia;o__Micrococcales;f__Kytococcaceae;g__Kytococcus,0.792576444444444,-0.00272233333333338,3.36042643225893e-05,51,0.00214399908045752,57
handrail,transfer,sk__Bacteria;p__Firmicutes;c__Bacilli;o__Bacillales;f__Staphylococcaceae;g__Staphylococcus,0.792361111111111,-0.00293766666666673,0.00081574157536187,13,0.0172378898563368,10
handrail,transfer,sk__Bacteria;p__Proteobacteria;c__Alphaproteobacteria;o__Caulobacterales;f__Caulobacteraceae;g__Caulobacter,0.791743222222222,-0.00355555555555553,1.28275681873936e-05,73,0.00159871739355419,74
handrail,transfer,sk__Bacteria;p__Proteobacteria;c__Gammaproteobacteria;o__Enterobacterales;f__Enterobacteriaceae;g__Klebsiella,0.791694333333333,-0.00360444444444452,0.000152919870143877,29,0.00609340563218052,23
handrail,transfer,sk__Bacteria;p__Proteobacteria;c__Gammaproteobacteria;o__Oceanospirillales;f__Halomonadaceae;g__Halomonas,0.791166555555556,-0.0041322222222222,5.39192098992607e-06,98,0.000588574455314021,143
handrail,transfer,sk__Bacteria;p__Firmicutes;c__Bacilli;o__Lactobacillales;f__Lactobacillaceae;g__Leuconostoc,0.790631888888889,-0.00466688888888889,4.38748033201921e-05,46,0.00111625959707307,103
handrail,transfer,sk__Bacteria;p__Proteobacteria;c__Gammaproteobacteria;o__Pasteurellales;f__Pasteurellaceae;g__Haemophilus,0.790597111111111,-0.00470166666666672,6.81344392093359e-06,87,0.00133279516119523,88
handrail,transfer,sk__Bacteria;p__Actinobacteria;c__Actinomycetia;o__Corynebacteriales;f__Mycobacteriaceae;g__Mycobacterium,0.790541666666667,-0.0047571111111111,1.50866916731135e-05,67,0.00510982428359373,28
handrail,transfer,sk__Bacteria;p__Proteobacteria;c__Gammaproteobacteria;o__Pseudomonadales;f__Moraxellaceae;g__Acinetobacter,0.790437333333333,-0.00486144444444447,0.00510129252625117,4,0.0188439156845183,7
handrail,transfer,sk__Bacteria;p__Firmicutes;c__Clostridia;o__Eubacteriales;f__Christensenellaceae;g__Christensenella,0.790291666666667,-0.00500711111111118,0.000330761598368711,21,0.00464771708683213,32
handrail,transfer,sk__Bacteria;p__Proteobacteria;c__Gammaproteobacteria;o__Oceanospirillales;f__Halomonadaceae;g__Candidatus_Portiera,0.790236,-0.00506277777777775,0.000105043895428734,36,0.00045210025611486,176
handrail,transfer,sk__Bacteria;p__Bacteroidetes;c__Cytophagia;o__Cytophagales;f__Hymenobacteraceae;g__Hymenobacter,0.789625,-0.00567377777777778,0.000209688163767721,24,0.00542657568493449,26
handrail,transfer,sk__Bacteria;p__Actinobacteria;c__Actinomycetia;o__Propionibacteriales;f__Propionibacteriaceae;g__Tessaracoccus,0.788826333333333,-0.0064724444444445,1.49259772603118e-05,69,0.00228271566712925,53
handrail,transfer,sk__Bacteria;p__Proteobacteria;c__Gammaproteobacteria;o__Enterobacterales;f__Pectobacteriaceae;g__Dickeya,0.788590333333333,-0.00670844444444441,5.24221773581953e-06,99,0.000274783167965383,240
handrail,transfer,sk__Bacteria;p__Actinobacteria;c__Actinomycetia;o__Micrococcales;f__Intrasporangiaceae;g__Janibacter,0.788576444444444,-0.00672233333333339,0.000563737167677119,16,0.00728907694465595,21
handrail,transfer,sk__Bacteria;p__Actinobacteria;c__Actinomycetia;o__Propionibacteriales;f__Propionibacteriaceae;g__Propionibacterium,0.788097222222222,-0.00720155555555557,0.000360735514960478,19,0.00412824693413293,36
handrail,transfer,sk__Bacteria;p__Actinobacteria;c__Actinomycetia;o__Geodermatophilales;f__Geodermatophilaceae;g__Modestobacter,0.787840111111111,-0.00745866666666672,1.52442281856851e-05,66,0.00319482823376675,39
handrail,transfer,sk__Bacteria;p__Actinobacteria;c__Actinomycetia;o__Corynebacteriales;f__Nocardiaceae;g__Rhodococcus,0.787555666666667,-0.00774311111111115,0.00099914898313432,10,0.00982886143702038,15
handrail,transfer,sk__Bacteria;p__Proteobacteria;c__Alphaproteobacteria;o__Hyphomicrobiales;f__Methylobacteriaceae;g__Methylobacterium,0.787541666666667,-0.0077571111111111,0.00111442464836686,9,0.0179808853016139,9
handrail,transfer,sk__Bacteria;p__Firmicutes;c__Bacilli;o__Bacillales;f__Bacillaceae;g__Bacillus,0.786993111111111,-0.00830566666666666,7.86066082537042e-05,38,0.00276578757042245,43
handrail,transfer,sk__Bacteria;p__Actinobacteria;c__Actinomycetia;o__Micrococcales;f__Cellulomonadaceae;g__Cellulomonas,0.786847222222222,-0.00845155555555555,8.20727575269585e-06,82,0.00246300906319898,52
handrail,transfer,sk__Bacteria;p__Proteobacteria;c__Alphaproteobacteria;o__Sphingomonadales;f__Sphingomonadaceae;g__Sphingopyxis,0.786736111111111,-0.00856266666666672,6.9487435613885e-06,86,0.00279485006517667,42
handrail,transfer,sk__Bacteria;p__Proteobacteria;c__Alphaproteobacteria;o__Hyphomicrobiales;f__Rhizobiaceae;g__Rhizobium,0.785909666666667,-0.00938911111111118,6.94878673927301e-06,85,0.00197042631347921,60
handrail,transfer,sk__Bacteria;p__Actinobacteria;c__Actinomycetia;o__Propionibacteriales;f__Nocardioidaceae;g__Nocardioides,0.785889,-0.00940977777777785,2.65535296913119e-05,55,0.00488069565740584,30
handrail,transfer,sk__Bacteria;p__Firmicutes;c__Bacilli;o__Bacillales;f__Bacillaceae;g__Lysinibacillus,0.785777666666667,-0.00952111111111109,0.000131112134143304,32,0.00103901690939529,105
handrail,transfer,sk__Bacteria;p__Proteobacteria;c__Alphaproteobacteria;o__Sphingomonadales;f__Sphingomonadaceae;g__Sphingomonas,0.785743,-0.00955577777777783,0.00026490219355921,22,0.0135364244256614,12
handrail,transfer,sk__Bacteria;p__Actinobacteria;c__Actinomycetia;o__Micrococcales;f__Sanguibacteraceae;g__Sanguibacter,0.785409666666667,-0.00988911111111113,1.13641512767489e-05,75,0.000805439032704155,120
handrail,transfer,sk__Bacteria;p__Actinobacteria;c__Actinomycetia;o__Streptomycetales;f__Streptomycetaceae;g__Streptomyces,0.785388777777778,-0.00990999999999997,0.000141298854931628,31,0.0128207770541955,14
handrail,transfer,sk__Bacteria;p__Actinobacteria;c__Actinomycetia;o__Micrococcales;f__Micrococcaceae;g__Pseudarthrobacter,0.784868,-0.0104307777777778,4.60813587280767e-05,44,0.00124704034782694,96
handrail,transfer,sk__Bacteria;p__Proteobacteria;c__Betaproteobacteria;o__Burkholderiales;f__Comamonadaceae;g__Acidovorax,0.784770777777778,-0.010528,5.76482298099174e-06,94,0.00279565649531942,41
handrail,transfer,sk__Bacteria;p__Actinobacteria;c__Actinomycetia;o__Micrococcales;f__Brevibacteriaceae;g__Brevibacterium,0.784513777777778,-0.010785,0.00019749385306611,26,0.00264839271378936,48
handrail,transfer,sk__Bacteria;p__Proteobacteria;c__Alphaproteobacteria;o__Hyphomicrobiales;f__Methylobacteriaceae;g__Methylorubrum,0.784055555555556,-0.0112432222222223,3.45139637809986e-05,50,0.00467153003070002,31
handrail,transfer,sk__Bacteria;p__Firmicutes;c__Bacilli;o__Lactobacillales;f__Lactobacillaceae;g__Limosilactobacillus,0.783923555555556,-0.0113752222222222,1.59436177176421e-05,64,0.00147324962721938,81
handrail,transfer,sk__Bacteria;p__Deinococcus-Thermus;c__Deinococci;o__Deinococcales;f__Deinococcaceae;g__Deinococcus,0.783847333333333,-0.0114514444444445,0.000974138242294395,11,0.00970946942785868,16
handrail,transfer,sk__Bacteria;p__Actinobacteria;c__Actinomycetia;o__Micrococcales;f__Promicromonosporaceae;g__Cellulosimicrobium,0.783284666666667,-0.0120141111111112,5.89265865755822e-06,91,0.00133809961498143,87
handrail,transfer,sk__Bacteria;p__Proteobacteria;c__Gammaproteobacteria;o__Pseudomonadales;f__Pseudomonadaceae;g__Pseudomonas,0.783076444444444,-0.0122223333333333,0.00266425800863923,5,0.0311680336795314,4
handrail,transfer,sk__Bacteria;p__Actinobacteria;c__Actinomycetia;o__Geodermatophilales;f__Geodermatophilaceae;g__Geodermatophilus,0.782743,-0.0125557777777778,2.45168563278131e-05,56,0.00297113581356545,40
handrail,transfer,sk__Bacteria;p__Actinobacteria;c__Actinomycetia;o__Corynebacteriales;f__Mycobacteriaceae;g__Mycolicibacterium,0.782548555555556,-0.0127502222222222,1.00784149237896e-05,78,0.00368927747993116,37
handrail,transfer,sk__Bacteria;p__Proteobacteria;c__Alphaproteobacteria;o__Sphingomonadales;f__Sphingomonadaceae;g__Sphingobium,0.781951444444444,-0.0133473333333334,1.89564930020614e-05,62,0.00425794872987588,35
handrail,transfer,sk__Bacteria;p__Actinobacteria;c__Actinomycetia;o__Geodermatophilales;f__Geodermatophilaceae;g__Blastococcus,0.781888888888889,-0.0134098888888889,5.86098825957755e-06,92,0.00219872170957248,56
handrail,transfer,sk__Bacteria;p__Proteobacteria;c__Gammaproteobacteria;o__Xanthomonadales;f__Xanthomonadaceae;g__Xanthomonas,0.781861111111111,-0.0134376666666667,1.11004564645362e-05,76,0.00270709390137198,46
handrail,transfer,sk__Bacteria;p__Firmicutes;c__Bacilli;o__Bacillales;f__Staphylococcaceae;g__Macrococcus,0.781451444444444,-0.0138473333333333,4.19383762077318e-05,48,0.000536156772932872,159
handrail,transfer,sk__Bacteria;p__Proteobacteria;c__Betaproteobacteria;o__Burkholderiales;f__Oxalobacteraceae;g__Janthinobacterium,0.781437555555555,-0.0138612222222223,3.05096974368248e-05,54,0.00129606795109746,92
handrail,transfer,sk__Bacteria;p__Actinobacteria;c__Actinomycetia;o__Micrococcales;f__Microbacteriaceae;g__Curtobacterium,0.781326333333333,-0.0139724444444445,2.27013383904462e-05,59,0.00220209783280937,55
handrail,transfer,sk__Bacteria;p__Actinobacteria;c__Coriobacteriia;o__Eggerthellales;f__Eggerthellaceae;g__Gordonibacter,0.780326444444444,-0.0149723333333334,0.000227053683333773,23,0.000687363384466857,134
handrail,transfer,sk__Bacteria;p__Bacteroidetes;c__Bacteroidia;o__Bacteroidales;f__Prevotellaceae;g__Prevotella,0.780277666666667,-0.0150211111111112,1.35234358352038e-05,72,0.00177463010961544,63
handrail,transfer,sk__Bacteria;p__Proteobacteria;c__Betaproteobacteria;o__Burkholderiales;f__Comamonadaceae;g__Variovorax,0.780097222222222,-0.0152015555555556,5.71617434055617e-06,95,0.00264213406350434,49
handrail,transfer,sk__Bacteria;p__Proteobacteria;c__Betaproteobacteria;o__Burkholderiales;f__Burkholderiaceae;g__Ralstonia,0.780014,-0.0152847777777778,8.35156461845847e-06,81,0.00192689627868831,61
handrail,transfer,sk__Bacteria;p__Proteobacteria;c__Gammaproteobacteria;o__Xanthomonadales;f__Xanthomonadaceae;g__Stenotrophomonas,0.779902888888889,-0.0153958888888889,0.00137037264889018,7,0.00886662873996497,17
handrail,transfer,sk__Bacteria;p__Proteobacteria;c__Alphaproteobacteria;o__Caulobacterales;f__Caulobacteraceae;g__Brevundimonas,0.779055555555556,-0.0162432222222222,0.000761447096572736,14,0.00721803295090663,22
handrail,transfer,sk__Bacteria;p__Proteobacteria;c__Alphaproteobacteria;o__Rhodobacterales;f__Rhodobacteraceae;g__Paracoccus,0.778388888888889,-0.0169098888888889,4.52467627189355e-05,45,0.00753069979061802,20
handrail,transfer,sk__Bacteria;p__Bacteroidetes;c__Sphingobacteriia;o__Sphingobacteriales;f__Sphingobacteriaceae;g__Sphingobacterium,0.778264,-0.0170347777777778,3.83914431754631e-05,49,0.000620445546477125,140
handrail,transfer,sk__Bacteria;p__Proteobacteria;c__Gammaproteobacteria;o__Enterobacterales;f__Enterobacteriaceae;g__Enterobacter,0.778062555555556,-0.0172362222222222,1.59174128514199e-05,65,0.00210143121925029,58
handrail,transfer,sk__Eukaryota;p__Ascomycota;c__Saccharomycetes;o__Saccharomycetales;f__Debaryomycetaceae;g__Candida,0.777208333333333,-0.0180904444444444,8.59816009748779e-06,80,0.00164469190040287,71
handrail,transfer,sk__Bacteria;p__Proteobacteria;c__Gammaproteobacteria;o__Enterobacterales;f__Enterobacteriaceae;g__Escherichia,0.777000111111111,-0.0182986666666667,1.21741197692101e-05,74,0.00146011668450161,82
handrail,transfer,sk__Bacteria;p__Proteobacteria;c__Betaproteobacteria;o__Burkholderiales;f__Oxalobacteraceae;g__Massilia,0.776923444444444,-0.0183753333333334,5.00596159979244e-06,100,0.0017231271130158,66
handrail,transfer,sk__Eukaryota;p__Ascomycota;c__Sordariomycetes;o__Sordariales;f__Chaetomiaceae;g__Thermothelomyces,0.776340333333333,-0.0189584444444445,2.31555801790271e-05,57,0.00250642461331697,51
handrail,transfer,sk__Bacteria;p__Actinobacteria;c__Actinomycetia;o__Micrococcales;f__Micrococcaceae;g__Rothia,0.776236,-0.0190627777777778,0.000123215189400443,34,0.0043718324506729,34
handrail,transfer,sk__Bacteria;p__Proteobacteria;c__Betaproteobacteria;o__Burkholderiales;f__Comamonadaceae;g__Comamonas,0.776229111111111,-0.0190696666666667,1.86991736062104e-05,63,0.00140399249022513,84
handrail,transfer,sk__Bacteria;p__Proteobacteria;c__Gammaproteobacteria;o__Enterobacterales;f__Erwiniaceae;g__Pantoea,0.774999888888889,-0.0202988888888889,9.18956283078104e-06,79,0.00163364026614761,72
handrail,transfer,sk__Bacteria;p__Firmicutes;c__Negativicutes;o__Veillonellales;f__Veillonellaceae;g__Negativicoccus,0.774479222222222,-0.0208195555555556,0.0403645045641085,1,0.21742290700641,1
handrail,transfer,sk__Bacteria;p__Actinobacteria;c__Actinomycetia;o__Pseudonocardiales;f__Pseudonocardiaceae;g__Pseudonocardia,0.773812444444444,-0.0214863333333334,5.68275711275989e-06,96,0.0027146887358796,44
handrail,transfer,sk__Eukaryota;p__Euglenozoa;c__Kinetoplastea;o__Trypanosomatida;f__Trypanosomatidae;g__Leishmania,0.773250111111111,-0.0220486666666667,5.62611957805803e-05,40,0.00226243050025253,54
handrail,transfer,sk__Bacteria;p__Proteobacteria;c__Betaproteobacteria;o__Neisseriales;f__Neisseriaceae;g__Neisseria,0.773180666666667,-0.0221181111111112,7.48611723326756e-06,84,0.00132361267028361,89
handrail,transfer,sk__Bacteria;p__Actinobacteria;c__Actinomycetia;o__Micrococcales;f__Ornithinimicrobiaceae;g__Serinicoccus,0.772520666666667,-0.0227781111111112,3.24184374255331e-05,53,0.00157677769865435,76
handrail,transfer,sk__Bacteria;p__Firmicutes;c__Bacilli;o__Bacillales;f__Listeriaceae;g__Listeria,0.772458333333333,-0.0228404444444444,1.92684016468418e-05,61,0.00140237130413867,85
handrail,transfer,sk__Bacteria;p__Firmicutes;c__Bacilli;o__Bacillales;f__;g__Exiguobacterium,0.771618,-0.0236807777777778,5.84885165535195e-06,93,0.000427754477050352,184
handrail,transfer,sk__Bacteria;p__Bacteroidetes;c__Flavobacteriia;o__Flavobacteriales;f__Weeksellaceae;g__Chryseobacterium,0.771187555555556,-0.0241112222222223,1.50291111119345e-05,68,0.00079070979482454,121
handrail,transfer,sk__Bacteria;p__Proteobacteria;c__Betaproteobacteria;o__Burkholderiales;f__Burkholderiaceae;g__Cupriavidus,0.770784555555556,-0.0245142222222222,0.000142417454392586,30,0.00755368153121829,19
handrail,transfer,sk__Bacteria;p__Proteobacteria;c__Gammaproteobacteria;o__Enterobacterales;f__Enterobacteriaceae;g__Salmonella,0.768979111111111,-0.0263196666666667,2.28250562591492e-05,58,0.00170214678095096,67
handrail,transfer,sk__Eukaryota;p__Ascomycota;c__Sordariomycetes;o__Sordariales;f__Chaetomiaceae;g__Thermothielavioides,0.766847222222222,-0.0284515555555556,1.38814303414145e-05,71,0.00174960916087008,64
handrail,transfer,sk__Bacteria;p__Proteobacteria;c__Alphaproteobacteria;o__Rhodospirillales;f__Acetobacteraceae;g__Roseomonas,0.759687444444444,-0.0356113333333333,1.06434835486544e-05,77,0.00266980280389542,47
kiosk,transfer,sk__Bacteria;p__Bacteroidetes;c__Sphingobacteriia;o__Sphingobacteriales;f__Sphingobacteriaceae;g__Sphingobacterium,0.7822,0.0348666666666667,6.42033694672815e-05,42,0.00161446558314591,77
kiosk,transfer,sk__Bacteria;p__Bacteroidetes;c__Flavobacteriia;o__Flavobacteriales;f__Weeksellaceae;g__Planobacterium,0.7777,0.0303666666666667,4.42300927014836e-06,99,0.000595499191544971,150
kiosk,transfer,sk__Bacteria;p__Deinococcus-Thermus;c__Deinococci;o__Deinococcales;f__Deinococcaceae;g__Deinococcus,0.7755,0.0281666666666667,5.57099660564023e-05,43,0.00630444581216807,27
kiosk,transfer,sk__Bacteria;p__Bacteroidetes;c__Flavobacteriia;o__Flavobacteriales;f__Weeksellaceae;g__Chryseobacterium,0.7733,0.0259666666666667,0.000921910233542494,17,0.00496718427184528,32
kiosk,transfer,sk__Bacteria;p__Bacteroidetes;c__Flavobacteriia;o__Flavobacteriales;f__Weeksellaceae;g__Elizabethkingia,0.771833333333333,0.0245000000000001,9.4528736427831e-06,72,0.000731803284980496,134
kiosk,transfer,sk__Bacteria;p__Proteobacteria;c__Gammaproteobacteria;o__Pseudomonadales;f__Moraxellaceae;g__Acinetobacter,0.77,0.0226666666666667,0.0294063681842711,1,0.0779748882032409,2
kiosk,transfer,sk__Bacteria;p__Proteobacteria;c__Gammaproteobacteria;o__Enterobacterales;f__Yersiniaceae;g__Serratia,0.769466666666667,0.0221333333333333,0.00557454392703888,11,0.00940686720509056,20
kiosk,transfer,sk__Bacteria;p__Actinobacteria;c__Actinomycetia;o__Micrococcales;f__Cellulomonadaceae;g__Cellulomonas,0.768133333333333,0.0208,4.55104231322226e-06,96,0.00270822624868667,50
kiosk,transfer,sk__Bacteria;p__Proteobacteria;c__Gammaproteobacteria;o__Enterobacterales;f__Yersiniaceae;g__Rahnella,0.7671,0.0197666666666667,6.08328067546396e-06,86,0.000294055460649718,232
kiosk,transfer,sk__Bacteria;p__Actinobacteria;c__Actinomycetia;o__Micrococcales;f__Dermabacteraceae;g__Brachybacterium,0.766766666666667,0.0194333333333334,2.74616140926213e-05,54,0.00388684258192352,41
kiosk,transfer,sk__Bacteria;p__Proteobacteria;c__Gammaproteobacteria;o__Enterobacterales;f__Enterobacteriaceae;g__Citrobacter,0.765566666666667,0.0182333333333333,6.33928056594914e-06,83,0.000877781026364274,120
kiosk,transfer,sk__Bacteria;p__Proteobacteria;c__Gammaproteobacteria;o__Enterobacterales;f__Enterobacteriaceae;g__Cronobacter,0.765433333333333,0.0181,1.00583509408286e-05,68,0.000772891068279346,131
kiosk,transfer,sk__Bacteria;p__Proteobacteria;c__Betaproteobacteria;o__Burkholderiales;f__Oxalobacteraceae;g__Massilia,0.763233333333333,0.0159,7.27349437946241e-06,78,0.0024013311800562,61
kiosk,transfer,sk__Bacteria;p__Bacteroidetes;c__Cytophagia;o__Cytophagales;f__Hymenobacteraceae;g__Hymenobacter,0.7615,0.0141666666666667,0.000111868200941267,36,0.00822556845856792,22
kiosk,transfer,sk__Bacteria;p__Firmicutes;c__Bacilli;o__Lactobacillales;f__Enterococcaceae;g__Enterococcus,0.761433333333333,0.0141,9.07554488828546e-05,38,0.00315197053756065,43
kiosk,transfer,sk__Bacteria;p__Firmicutes;c__Clostridia;o__Eubacteriales;f__Christensenellaceae;g__Christensenella,0.761333333333333,0.014,0.000241480700735893,25,0.00284907515528802,48
kiosk,transfer,sk__Bacteria;p__Firmicutes;c__Negativicutes;o__Veillonellales;f__Veillonellaceae;g__Negativicoccus,0.7607,0.0133666666666667,0.0194374274645671,2,0.125827426851434,1
kiosk,transfer,sk__Bacteria;p__Proteobacteria;c__Alphaproteobacteria;o__Caulobacterales;f__Caulobacteraceae;g__Brevundimonas,0.760666666666667,0.0133333333333334,0.00570903860795523,10,0.0185549609326267,9
kiosk,transfer,sk__Bacteria;p__Firmicutes;c__Bacilli;o__Bacillales;f__Paenibacillaceae;g__Paenibacillus,0.759933333333333,0.0126000000000001,0.000143931114292042,32,0.00135637661840913,90
kiosk,transfer,sk__Bacteria;p__Proteobacteria;c__Gammaproteobacteria;o__Xanthomonadales;f__Xanthomonadaceae;g__Stenotrophomonas,0.7586,0.0112666666666668,0.0094693022791108,5,0.0298635547911485,5
kiosk,transfer,sk__Bacteria;p__Actinobacteria;c__Actinomycetia;o__Corynebacteriales;f__Nocardiaceae;g__Rhodococcus,0.758566666666667,0.0112333333333333,5.32371855387086e-05,45,0.00591564084779658,29
kiosk,transfer,sk__Bacteria;p__Actinobacteria;c__Actinomycetia;o__Micrococcales;f__Intrasporangiaceae;g__Janibacter,0.758466666666667,0.0111333333333333,0.000287150672003887,24,0.00477363564608599,34
kiosk,transfer,sk__Bacteria;p__Proteobacteria;c__Gammaproteobacteria;o__Pseudomonadales;f__Moraxellaceae;g__Psychrobacter,0.7583,0.0109666666666667,0.0112224981791057,3,0.0297204798734858,6
kiosk,transfer,sk__Bacteria;p__Proteobacteria;c__Alphaproteobacteria;o__Caulobacterales;f__Caulobacteraceae;g__Caulobacter,0.758,0.0106666666666667,4.75758807942408e-06,93,0.00159449243634072,78
kiosk,transfer,sk__Bacteria;p__Firmicutes;c__Bacilli;o__Lactobacillales;f__Streptococcaceae;g__Streptococcus,0.757833333333333,0.0105000000000001,0.000195448705065602,28,0.0108024397509073,18
kiosk,transfer,sk__Bacteria;p__Actinobacteria;c__Actinomycetia;o__Geodermatophilales;f__Geodermatophilaceae;g__Geodermatophilus,0.757633333333333,0.0103000000000001,2.26545407198699e-05,56,0.00420853741284733,39
kiosk,transfer,sk__Bacteria;p__Actinobacteria;c__Actinomycetia;o__Actinomycetales;f__Actinomycetaceae;g__Actinomyces,0.7575,0.0101666666666667,6.79240122518183e-05,41,0.00509452114987809,31
kiosk,transfer,sk__Bacteria;p__Actinobacteria;c__Actinomycetia;o__Geodermatophilales;f__Geodermatophilaceae;g__Blastococcus,0.757366666666667,0.0100333333333333,2.08911845186917e-05,59,0.00377188051558107,42
kiosk,transfer,sk__Bacteria;p__Firmicutes;c__Bacilli;o__Lactobacillales;f__Aerococcaceae;g__Aerococcus,0.756666666666667,0.00933333333333342,1.51415620756978e-05,62,0.0017587483154679,71
kiosk,transfer,sk__Bacteria;p__Actinobacteria;c__Actinomycetia;o__Corynebacteriales;f__Mycobacteriaceae;g__Mycolicibacterium,0.756433333333333,0.0091,6.37745328900222e-06,82,0.00302583143145472,45
kiosk,transfer,sk__Bacteria;p__Proteobacteria;c__Gammaproteobacteria;o__Enterobacterales;f__Enterobacteriaceae;g__Enterobacter,0.756166666666667,0.00883333333333336,0.00578889483994284,9,0.0136593715168453,15
kiosk,transfer,sk__Bacteria;p__Proteobacteria;c__Gammaproteobacteria;o__Enterobacterales;f__Enterobacteriaceae;g__Kosakonia,0.756133333333333,0.00880000000000003,4.63223237111247e-06,95,0.000462160748271325,178
kiosk,transfer,sk__Bacteria;p__Fusobacteria;c__Fusobacteriia;o__Fusobacteriales;f__Fusobacteriaceae;g__Fusobacterium,0.756033333333333,0.00870000000000004,2.19271083958466e-05,57,0.00102925429480177,105
kiosk,transfer,sk__Bacteria;p__Actinobacteria;c__Actinomycetia;o__Micrococcales;f__Micrococcaceae;g__Micrococcus,0.7552,0.00786666666666669,0.000204365922290273,27,0.0105918545057225,19
kiosk,transfer,sk__Bacteria;p__Bacteroidetes;c__Bacteroidia;o__Bacteroidales;f__Tannerellaceae;g__Tannerella,0.755166666666667,0.00783333333333336,4.17964997485998e-06,100,0.000197169424899687,282
kiosk,transfer,sk__Bacteria;p__Proteobacteria;c__Gammaproteobacteria;o__Pseudomonadales;f__Moraxellaceae;g__Moraxella,0.754766666666667,0.0074333333333334,0.00302384097646073,13,0.0158231645336227,12
kiosk,transfer,sk__Bacteria;p__Actinobacteria;c__Actinomycetia;o__Geodermatophilales;f__Geodermatophilaceae;g__Modestobacter,0.754433333333333,0.0071,9.06345234671939e-05,39,0.00722773175590976,23
kiosk,transfer,sk__Bacteria;p__Actinobacteria;c__Actinomycetia;o__Micrococcales;f__Promicromonosporaceae;g__Cellulosimicrobium,0.754433333333333,0.0071,6.62091250886793e-06,81,0.0015278643425515,82
kiosk,transfer,sk__Bacteria;p__Actinobacteria;c__Actinomycetia;o__Micrococcales;f__Micrococcaceae;g__Kocuria,0.754333333333333,0.00700000000000001,0.00412919185914591,12,0.0214530340427427,8
kiosk,transfer,sk__Bacteria;p__Firmicutes;c__Bacilli;o__Lactobacillales;f__Carnobacteriaceae;g__Carnobacterium,0.754266666666667,0.00693333333333335,2.89509973634021e-05,53,0.00154750323659759,80
kiosk,transfer,sk__Bacteria;p__Proteobacteria;c__Gammaproteobacteria;o__Xanthomonadales;f__Xanthomonadaceae;g__Xanthomonas,0.754116666666667,0.00678333333333336,5.84053337533788e-06,88,0.00247745789679878,60
kiosk,transfer,sk__Bacteria;p__Actinobacteria;c__Actinomycetia;o__Micrococcales;f__Dermacoccaceae;g__Dermacoccus,0.7539,0.00656666666666672,0.000102902901861793,37,0.00286753265852442,47
kiosk,transfer,sk__Bacteria;p__Firmicutes;c__Bacilli;o__Lactobacillales;f__Lactobacillaceae;g__Leuconostoc,0.753233333333333,0.00590000000000002,0.000473251184470712,19,0.00564466487547882,30
kiosk,transfer,sk__Bacteria;p__Proteobacteria;c__Gammaproteobacteria;o__Enterobacterales;f__Enterobacteriaceae;g__Klebsiella,0.753133333333333,0.00580000000000003,0.000725406613226533,18,0.00684322962938957,26
kiosk,transfer,sk__Bacteria;p__Firmicutes;c__Bacilli;o__Bacillales;f__Staphylococcaceae;g__Staphylococcus,0.75305,0.0057166666666667,0.000402397159198589,20,0.0133492382205631,16
kiosk,transfer,sk__Bacteria;p__Proteobacteria;c__Betaproteobacteria;o__Burkholderiales;f__Alcaligenaceae;g__Bordetella,0.753,0.00566666666666671,4.45012932566368e-06,98,0.00144199839949949,86
kiosk,transfer,sk__Bacteria;p__Firmicutes;c__Bacilli;o__Bacillales;f__Bacillaceae;g__Lysinibacillus,0.752766666666667,0.0054333333333334,0.00155252652004914,16,0.00613389738912489,28
kiosk,transfer,sk__Bacteria;p__Actinobacteria;c__Actinomycetia;o__Corynebacteriales;f__Mycobacteriaceae;g__Mycobacterium,0.752233333333333,0.00490000000000002,1.19745765334321e-05,65,0.00412553370324369,40
kiosk,transfer,sk__Bacteria;p__Proteobacteria;c__Gammaproteobacteria;o__Enterobacterales;f__Enterobacteriaceae;g__Escherichia,0.752033333333333,0.00470000000000004,0.000218015896370306,26,0.00181902505028526,68
kiosk,transfer,sk__Bacteria;p__Proteobacteria;c__Betaproteobacteria;o__Burkholderiales;f__Burkholderiaceae;g__Cupriavidus,0.7519,0.00456666666666672,0.000134836949349798,33,0.00463479243072859,37
kiosk,transfer,sk__Bacteria;p__Proteobacteria;c__Alphaproteobacteria;o__Rhodobacterales;f__Rhodobacteraceae;g__Paracoccus,0.751866666666667,0.00453333333333339,4.60444340326194e-05,48,0.0071974538525677,25
kiosk,transfer,sk__Bacteria;p__Actinobacteria;c__Actinomycetia;o__Micrococcales;f__Micrococcaceae;g__Glutamicibacter,0.751566666666667,0.00423333333333342,7.51109360442006e-06,77,0.000674544433927713,141
kiosk,transfer,sk__Bacteria;p__Actinobacteria;c__Actinomycetia;o__Bifidobacteriales;f__Bifidobacteriaceae;g__Gardnerella,0.75135,0.00401666666666667,1.20986957697578e-05,64,0.00102844688133071,106
kiosk,transfer,sk__Bacteria;p__Actinobacteria;c__Actinomycetia;o__Micrococcales;f__Micrococcaceae;g__Arthrobacter,0.7508,0.00346666666666673,4.27271191051032e-05,49,0.00475804029531096,35
kiosk,transfer,sk__Bacteria;p__Bacteroidetes;c__Bacteroidia;o__Bacteroidales;f__Prevotellaceae;g__Prevotella,0.750433333333333,0.00309999999999999,4.69131773399226e-06,94,0.00154530739860613,81
kiosk,transfer,sk__Bacteria;p__Firmicutes;c__Bacilli;o__Lactobacillales;f__Streptococcaceae;g__Lactococcus,0.7504,0.00306666666666666,5.88584977379797e-06,87,0.00132714159956454,91
kiosk,transfer,sk__Bacteria;p__Proteobacteria;c__Betaproteobacteria;o__Burkholderiales;f__Burkholderiaceae;g__Burkholderia,0.749266666666667,0.00193333333333334,6.33252778339079e-06,84,0.00264361417351538,55
kiosk,transfer,sk__Bacteria;p__Proteobacteria;c__Gammaproteobacteria;o__Enterobacterales;f__Enterobacteriaceae;g__Leclercia,0.749216666666667,0.00188333333333335,0.000163946534733694,30,0.0016852741638199,73
kiosk,transfer,sk__Bacteria;p__Firmicutes;c__Bacilli;o__Bacillales;f__Planococcaceae;g__Solibacillus,0.748333333333333,0.001,2.51313870448748e-05,55,0.000588743910213457,154
kiosk,transfer,sk__Bacteria;p__Actinobacteria;c__Actinomycetia;o__Micrococcales;f__Microbacteriaceae;g__Microbacterium,0.748266666666667,0.000933333333333342,0.00157223957161919,15,0.0183091481322365,11
kiosk,transfer,sk__Bacteria;p__Proteobacteria;c__Alphaproteobacteria;o__Rhodospirillales;f__Acetobacteraceae;g__Gluconobacter,0.748033333333333,0.000700000000000034,4.09295186156329e-05,50,0.000601022752067117,149
kiosk,transfer,sk__Bacteria;p__Proteobacteria;c__Gammaproteobacteria;o__Enterobacterales;f__Erwiniaceae;g__Pantoea,0.747766666666667,0.000433333333333397,0.00621162811821348,7,0.0185122461090923,10
kiosk,transfer,sk__Bacteria;p__Actinobacteria;c__Actinomycetia;o__Micrococcales;f__Micrococcaceae;g__Rothia,0.746933333333333,-0.000399999999999956,1.10835414520559e-05,67,0.00268679020241679,51
kiosk,transfer,sk__Bacteria;p__Proteobacteria;c__Gammaproteobacteria;o__Enterobacterales;f__Erwiniaceae;g__Erwinia,0.7466,-0.000733333333333253,9.28672934900672e-06,73,0.000966723278921608,110
kiosk,transfer,sk__Bacteria;p__Proteobacteria;c__Gammaproteobacteria;o__Pseudomonadales;f__Pseudomonadaceae;g__Pseudomonas,0.746583333333333,-0.000749999999999917,0.00954642057806567,4,0.054967595984316,4
kiosk,transfer,sk__Bacteria;p__Proteobacteria;c__Alphaproteobacteria;o__Sphingomonadales;f__Sphingomonadaceae;g__Sphingobium,0.746166666666667,-0.00116666666666665,1.98047188917821e-05,60,0.00447846330212113,38
kiosk,transfer,sk__Bacteria;p__Actinobacteria;c__Actinomycetia;o__Propionibacteriales;f__Propionibacteriaceae;g__Tessaracoccus,0.746066666666667,-0.00126666666666664,4.50249757945031e-06,97,0.00264618889272621,54
kiosk,transfer,sk__Bacteria;p__Proteobacteria;c__Betaproteobacteria;o__Burkholderiales;f__Alcaligenaceae;g__Achromobacter,0.74595,-0.00138333333333329,0.000166759214264672,29,0.00248913852169226,59
kiosk,transfer,sk__Bacteria;p__Actinobacteria;c__Actinomycetia;o__Streptomycetales;f__Streptomycetaceae;g__Streptomyces,0.745733333333333,-0.00159999999999993,0.000151459935314619,31,0.0137596128660703,14
kiosk,transfer,sk__Bacteria;p__Proteobacteria;c__Betaproteobacteria;o__Burkholderiales;f__Comamonadaceae;g__Delftia,0.744883333333333,-0.00244999999999995,0.000127978004201072,34,0.00222979365227285,63
kiosk,transfer,sk__Bacteria;p__Firmicutes;c__Bacilli;o__Bacillales;f__Bacillaceae;g__Bacillus,0.744366666666667,-0.00296666666666667,0.000119894653074128,35,0.00265000426339037,53
kiosk,transfer,sk__Bacteria;p__Proteobacteria;c__Alphaproteobacteria;o__Rhodospirillales;f__Acetobacteraceae;g__Roseomonas,0.744033333333333,-0.00329999999999997,6.64950228599819e-06,80,0.00270885996073177,49
kiosk,transfer,sk__Bacteria;p__Cyanobacteria;c__;o__Chroococcidiopsidales;f__Chroococcidiopsidaceae;g__Chroococcidiopsis,0.743766666666667,-0.00356666666666661,6.97248959804892e-05,40,0.00168085900496773,74
kiosk,transfer,sk__Bacteria;p__Actinobacteria;c__Actinomycetia;o__Pseudonocardiales;f__Pseudonocardiaceae;g__Pseudonocardia,0.743733333333333,-0.00359999999999994,1.13964949958773e-05,66,0.00291218341212111,46
kiosk,transfer,sk__Bacteria;p__Proteobacteria;c__Betaproteobacteria;o__Burkholderiales;f__Comamonadaceae;g__Comamonas,0.7437,-0.00363333333333327,5.01105869802644e-05,46,0.00176315233789302,70
kiosk,transfer,sk__Bacteria;p__Actinobacteria;c__Actinomycetia;o__Corynebacteriales;f__Corynebacteriaceae;g__Corynebacterium,0.743483333333333,-0.00384999999999991,0.000338274291117838,22,0.0127991649156307,17
kiosk,transfer,sk__Bacteria;p__Proteobacteria;c__Alphaproteobacteria;o__Sphingomonadales;f__Sphingomonadaceae;g__Sphingopyxis,0.7423,-0.00503333333333333,7.71153928537213e-06,76,0.00268371011012915,52
kiosk,transfer,sk__Bacteria;p__Firmicutes;c__Clostridia;o__Eubacteriales;f__Clostridiaceae;g__Clostridium,0.74205,-0.00528333333333331,6.15354239282336e-06,85,0.000671870006606763,142
kiosk,transfer,sk__Bacteria;p__Proteobacteria;c__Alphaproteobacteria;o__Sphingomonadales;f__Sphingomonadaceae;g__Sphingomonas,0.741833333333333,-0.00549999999999995,0.000300054842344204,23,0.0139053504762063,13
kiosk,transfer,sk__Bacteria;p__Proteobacteria;c__Betaproteobacteria;o__Burkholderiales;f__Comamonadaceae;g__Acidovorax,0.7415,-0.00583333333333325,5.27162980479603e-06,91,0.00262445304846513,56
kiosk,transfer,sk__Bacteria;p__Proteobacteria;c__Betaproteobacteria;o__Burkholderiales;f__Burkholderiaceae;g__Ralstonia,0.740766666666667,-0.00656666666666661,9.58266535113363e-06,71,0.00162300073563023,76
kiosk,transfer,sk__Bacteria;p__Proteobacteria;c__Betaproteobacteria;o__Burkholderiales;f__Comamonadaceae;g__Variovorax,0.740733333333333,-0.00659999999999994,3.93611713669869e-05,51,0.00480932457792308,33
kiosk,transfer,sk__Bacteria;p__Actinobacteria;c__Actinomycetia;o__Propionibacteriales;f__Nocardioidaceae;g__Nocardioides,0.7405,-0.00683333333333325,2.16367106133893e-05,58,0.00469836264887332,36
kiosk,transfer,sk__Bacteria;p__Proteobacteria;c__Alphaproteobacteria;o__Hyphomicrobiales;f__Bradyrhizobiaceae;g__Bradyrhizobium,0.739533333333333,-0.00779999999999992,0.00598609963233931,8,0.0296758591278845,7
kiosk,transfer,sk__Bacteria;p__Proteobacteria;c__Gammaproteobacteria;o__Enterobacterales;f__Enterobacteriaceae;g__Salmonella,0.737866666666667,-0.00946666666666662,3.19528162228835e-05,52,0.000899365025762722,118
kiosk,transfer,sk__Bacteria;p__Actinobacteria;c__Actinomycetia;o__Propionibacteriales;f__Propionibacteriaceae;g__Acidipropionibacterium,0.7371,-0.0102333333333333,5.41088425831299e-06,90,0.000716218230341168,135
kiosk,transfer,sk__Eukaryota;p__Euglenozoa;c__Kinetoplastea;o__Trypanosomatida;f__Trypanosomatidae;g__Leishmania,0.7365,-0.0108333333333333,8.7297326796347e-06,74,0.00260860837091099,57
kiosk,transfer,sk__Bacteria;p__Proteobacteria;c__Alphaproteobacteria;o__Hyphomicrobiales;f__Brucellaceae;g__Ochrobactrum,0.735033333333333,-0.0123,9.79136066670931e-06,70,0.000482495090710421,172
kiosk,transfer,sk__Bacteria;p__Actinobacteria;c__Actinomycetia;o__Propionibacteriales;f__Propionibacteriaceae;g__Cutibacterium,0.733033333333333,-0.0143,0.00666608636449747,6,0.0563569010582675,3
kiosk,transfer,sk__Bacteria;p__Proteobacteria;c__Alphaproteobacteria;o__Hyphomicrobiales;f__Brucellaceae;g__Brucella,0.7318,-0.0155333333333333,0.00188268388186116,14,0.00721333147681804,24
kiosk,transfer,sk__Eukaryota;p__Ascomycota;c__Sordariomycetes;o__Sordariales;f__Chaetomiaceae;g__Thermothelomyces,0.7318,-0.0155333333333333,1.34127129626804e-05,63,0.00250682678874052,58
kiosk,transfer,sk__Bacteria;p__Actinobacteria;c__Actinomycetia;o__Micromonosporales;f__Micromonosporaceae;g__Actinoplanes,0.7317,-0.0156333333333333,7.95974498399971e-06,75,0.00239808276765925,62
kiosk,transfer,sk__Bacteria;p__Actinobacteria;c__Actinomycetia;o__Propionibacteriales;f__Propionibacteriaceae;g__Propionibacterium,0.730133333333333,-0.0172,9.90182462365115e-06,69,0.00114163745621779,100
kiosk,transfer,sk__Bacteria;p__Proteobacteria;c__Alphaproteobacteria;o__Hyphomicrobiales;f__Methylobacteriaceae;g__Methylobacterium,0.7276,-0.0197333333333333,0.00036236512034227,21,0.00919748199474477,21
kiosk,transfer,sk__Bacteria;p__Proteobacteria;c__Alphaproteobacteria;o__Hyphomicrobiales;f__Rhizobiaceae;g__Rhizobium,0.727,-0.0203333333333333,5.49262351542709e-06,89,0.0020100252819492,65
kiosk,transfer,sk__Bacteria;p__Proteobacteria;c__Alphaproteobacteria;o__Hyphomicrobiales;f__Methylobacteriaceae;g__Methylorubrum,0.7262,-0.0211333333333333,1.90374345157483e-05,61,0.00307837412847492,44
kiosk,transfer,sk__Eukaryota;p__Ascomycota;c__Saccharomycetes;o__Saccharomycetales;f__Debaryomycetaceae;g__Candida,0.722633333333333,-0.0246999999999999,5.15948215749362e-06,92,0.00186318471322959,67
kiosk,transfer,sk__Bacteria;p__Proteobacteria;c__Gammaproteobacteria;o__Aeromonadales;f__Aeromonadaceae;g__Aeromonas,0.720433333333333,-0.0268999999999999,4.63575061394812e-05,47,0.00214738481671948,64
kiosk,transfer,sk__Bacteria;p__Proteobacteria;c__Alphaproteobacteria;o__Hyphomicrobiales;f__Rhizobiaceae;g__Ensifer,0.719,-0.0283333333333333,5.44007847228061e-05,44,0.00110932654090309,103
kiosk,transfer,sk__Bacteria;p__Proteobacteria;c__Alphaproteobacteria;o__Hyphomicrobiales;f__Phyllobacteriaceae;g__Mesorhizobium,0.715366666666667,-0.0319666666666666,7.05705381399582e-06,79,0.00135682361374754,89
