surface,tax,abundance,abundance_rank,var,var_rank
bench,sk__Bacteria;p__Firmicutes;c__Negativicutes;o__Veillonellales;f__Veillonellaceae;g__Negativicoccus,0.216398244548888,1,0.0676625736629878,1
bench,sk__Bacteria;p__Actinobacteria;c__Actinomycetia;o__Propionibacteriales;f__Propionibacteriaceae;g__Cutibacterium,0.055105907667795,2,0.00901834432094997,2
bench,sk__Bacteria;p__Proteobacteria;c__Gammaproteobacteria;o__Pseudomonadales;f__Pseudomonadaceae;g__Pseudomonas,0.0369394485273131,3,0.00463600246854343,3
bench,sk__Bacteria;p__Proteobacteria;c__Alphaproteobacteria;o__Caulobacterales;f__Caulobacteraceae;g__Brevundimonas,0.0195534711938578,7,0.00435269292338524,4
bench,sk__Bacteria;p__Proteobacteria;c__Gammaproteobacteria;o__Xanthomonadales;f__Xanthomonadaceae;g__Stenotrophomonas,0.0225593341947986,5,0.00407595102517566,5
bench,sk__Bacteria;p__Actinobacteria;c__Actinomycetia;o__Micrococcales;f__Microbacteriaceae;g__Microbacterium,0.0276063825738318,4,0.00304057986131989,6
bench,sk__Bacteria;p__Actinobacteria;c__Actinomycetia;o__Corynebacteriales;f__Corynebacteriaceae;g__Corynebacterium,0.0204142756528931,6,0.00293798403302938,7
bench,sk__Bacteria;p__Proteobacteria;c__Alphaproteobacteria;o__Hyphomicrobiales;f__Brucellaceae;g__Brucella,0.0120284637053956,16,0.00249331767077463,8
bench,sk__Bacteria;p__Firmicutes;c__Bacilli;o__Bacillales;f__Planococcaceae;g__Sporosarcina,0.00245587746767206,64,0.0022432827011894,9
bench,sk__Bacteria;p__Firmicutes;c__Bacilli;o__Bacillales;f__Planococcaceae;g__Solibacillus,0.00247320340999378,63,0.00220381305508678,10
bench,sk__Bacteria;p__Proteobacteria;c__Alphaproteobacteria;o__Hyphomicrobiales;f__Bradyrhizobiaceae;g__Bradyrhizobium,0.0170030117637622,10,0.00184461465692738,11
bench,sk__Bacteria;p__Firmicutes;c__Bacilli;o__Bacillales;f__Bacillaceae;g__Bacillus,0.00551183681301132,32,0.00174350213078533,12
bench,sk__Bacteria;p__Actinobacteria;c__Actinomycetia;o__Micrococcales;f__Micrococcaceae;g__Kocuria,0.0153069123395636,14,0.00165654254553455,13
bench,sk__Bacteria;p__Firmicutes;c__Clostridia;o__Eubacteriales;f__Christensenellaceae;g__Christensenella,0.00668768284668284,23,0.00159572276369143,14
bench,sk__Bacteria;p__Actinobacteria;c__Actinomycetia;o__Corynebacteriales;f__Nocardiaceae;g__Rhodococcus,0.016165859258952,11,0.0015854470638154,15
bench,sk__Bacteria;p__Proteobacteria;c__Alphaproteobacteria;o__Hyphomicrobiales;f__Methylobacteriaceae;g__Methylobacterium,0.0151837037500383,15,0.00149590527449693,16
bench,sk__Bacteria;p__Actinobacteria;c__Actinomycetia;o__Micrococcales;f__Intrasporangiaceae;g__Janibacter,0.00931407938503731,17,0.00122429490033053,17
bench,sk__Bacteria;p__Proteobacteria;c__Alphaproteobacteria;o__Sphingomonadales;f__Sphingomonadaceae;g__Sphingomonas,0.0161315663840394,12,0.00108089801167556,18
bench,sk__Bacteria;p__Proteobacteria;c__Gammaproteobacteria;o__Enterobacterales;f__Erwiniaceae;g__Pantoea,0.00359584766237342,45,0.00101758128377515,19
bench,sk__Bacteria;p__Firmicutes;c__Bacilli;o__Lactobacillales;f__Streptococcaceae;g__Lactococcus,0.00301038272542568,52,0.000928073648570859,20
bench,sk__Bacteria;p__Proteobacteria;c__Gammaproteobacteria;o__Pseudomonadales;f__Moraxellaceae;g__Moraxella,0.00604445125794351,28,0.000685493704573875,21
bench,sk__Bacteria;p__Firmicutes;c__Bacilli;o__Bacillales;f__Staphylococcaceae;g__Staphylococcus,0.0158231496019977,13,0.000617475711832327,22
bench,sk__Bacteria;p__Firmicutes;c__Bacilli;o__Lactobacillales;f__Streptococcaceae;g__Streptococcus,0.00847075852627579,18,0.000582450619639459,23
bench,sk__Bacteria;p__Actinobacteria;c__Actinomycetia;o__Micrococcales;f__Dermabacteraceae;g__Brachybacterium,0.00581951567463839,30,0.000556568912282328,24
bench,sk__Bacteria;p__Actinobacteria;c__Actinomycetia;o__Micrococcales;f__Micrococcaceae;g__Micrococcus,0.018303735119113,9,0.000510139103025566,25
bench,sk__Bacteria;p__Actinobacteria;c__Actinomycetia;o__Micrococcales;f__Micrococcaceae;g__Arthrobacter,0.00611601808989434,27,0.000420330379143837,26
bench,sk__Bacteria;p__Proteobacteria;c__Gammaproteobacteria;o__Pseudomonadales;f__Moraxellaceae;g__Psychrobacter,0.00507026279213628,34,0.000412927567223201,27
bench,sk__Bacteria;p__Proteobacteria;c__Betaproteobacteria;o__Burkholderiales;f__Alcaligenaceae;g__Achromobacter,0.00380344420145272,43,0.000343873023929341,28
bench,sk__Bacteria;p__Proteobacteria;c__Alphaproteobacteria;o__Sphingomonadales;f__Sphingomonadaceae;g__Sphingobium,0.00495227716465717,35,0.000326299302651848,29
bench,sk__Bacteria;p__Firmicutes;c__Bacilli;o__Lactobacillales;f__Lactobacillaceae;g__Leuconostoc,0.00448699659870894,36,0.000316363679353418,30
bench,sk__Bacteria;p__Proteobacteria;c__Gammaproteobacteria;o__Enterobacterales;f__Enterobacteriaceae;g__Klebsiella,0.00572561302781515,31,0.000302737314475287,31
bench,sk__Bacteria;p__Actinobacteria;c__Actinomycetia;o__Streptomycetales;f__Streptomycetaceae;g__Streptomyces,0.0195267469561867,8,0.000299175038770484,32
bench,sk__Bacteria;p__Bacteroidetes;c__Sphingobacteriia;o__Sphingobacteriales;f__Sphingobacteriaceae;g__Sphingobacterium,0.00197069167966358,72,0.000267102202089649,33
bench,sk__Bacteria;p__Firmicutes;c__Bacilli;o__Lactobacillales;f__Enterococcaceae;g__Enterococcus,0.00541444421598594,33,0.000258297019725697,34
bench,sk__Bacteria;p__Actinobacteria;c__Actinomycetia;o__Geodermatophilales;f__Geodermatophilaceae;g__Modestobacter,0.00712131143619293,22,0.000244933169378253,35
bench,sk__Bacteria;p__Proteobacteria;c__Gammaproteobacteria;o__Pseudomonadales;f__Moraxellaceae;g__Acinetobacter,0.00740939876213755,21,0.000199497683758238,36
bench,sk__Bacteria;p__Actinobacteria;c__Actinomycetia;o__Micrococcales;f__Dermacoccaceae;g__Dermacoccus,0.00432572086040111,39,0.000191131011729789,37
bench,sk__Bacteria;p__Proteobacteria;c__Gammaproteobacteria;o__Enterobacterales;f__Enterobacteriaceae;g__Enterobacter,0.00394834454855192,41,0.000191028559199133,38
bench,sk__Bacteria;p__Bacteroidetes;c__Cytophagia;o__Cytophagales;f__Hymenobacteraceae;g__Hymenobacter,0.0065865070903956,25,0.000159076001060791,39
bench,sk__Bacteria;p__Actinobacteria;c__Actinomycetia;o__Micrococcales;f__Brevibacteriaceae;g__Brevibacterium,0.00217300019490962,68,0.000115644520164387,40
bench,sk__Bacteria;p__Actinobacteria;c__Actinomycetia;o__Micrococcales;f__Intrasporangiaceae;g__Arsenicicoccus,0.00301534647101253,51,0.000113959068747616,41
bench,sk__Bacteria;p__Actinobacteria;c__Actinomycetia;o__Actinomycetales;f__Actinomycetaceae;g__Actinomyces,0.0037197443743081,44,0.000111396976250737,42
bench,sk__Bacteria;p__Firmicutes;c__Bacilli;o__Lactobacillales;f__Carnobacteriaceae;g__Carnobacterium,0.00202238143415603,71,9.92540023833487e-05,43
bench,sk__Bacteria;p__Proteobacteria;c__Alphaproteobacteria;o__Rhodobacterales;f__Rhodobacteraceae;g__Paracoccus,0.00825785094523209,19,9.26658124373319e-05,44
bench,sk__Bacteria;p__Deinococcus-Thermus;c__Deinococci;o__Deinococcales;f__Deinococcaceae;g__Deinococcus,0.00611910841139352,26,9.20228455246238e-05,45
bench,sk__Bacteria;p__Proteobacteria;c__Alphaproteobacteria;o__Hyphomicrobiales;f__Methylobacteriaceae;g__Methylorubrum,0.0039566907254239,40,8.23557012121245e-05,46
bench,sk__Bacteria;p__Actinobacteria;c__Actinomycetia;o__Geodermatophilales;f__Geodermatophilaceae;g__Geodermatophilus,0.00594145697588593,29,8.23317774610612e-05,47
bench,sk__Bacteria;p__Actinobacteria;c__Actinomycetia;o__Corynebacteriales;f__Mycobacteriaceae;g__Mycobacterium,0.00663719969193825,24,6.08538738068658e-05,48
bench,sk__Bacteria;p__Actinobacteria;c__Actinomycetia;o__Micrococcales;f__Micrococcaceae;g__Rothia,0.00266820299241095,59,5.55145746025909e-05,49
bench,sk__Bacteria;p__Actinobacteria;c__Actinomycetia;o__Propionibacteriales;f__Nocardioidaceae;g__Nocardioides,0.00760606708304641,20,5.46448287678465e-05,50
bench,sk__Bacteria;p__Proteobacteria;c__Gammaproteobacteria;o__Enterobacterales;f__Enterobacteriaceae;g__Salmonella,0.00219094046118138,67,5.4059658595676e-05,51
bench,sk__Bacteria;p__Proteobacteria;c__Betaproteobacteria;o__Burkholderiales;f__Comamonadaceae;g__Variovorax,0.00347624184225942,46,3.3393262945417e-05,52
bench,sk__Eukaryota;p__Ascomycota;c__Sordariomycetes;o__Sordariales;f__Chaetomiaceae;g__Thermothelomyces,0.00207847526597179,70,3.13798892890321e-05,53
bench,sk__Bacteria;p__Actinobacteria;c__Actinomycetia;o__Micrococcales;f__Microbacteriaceae;g__Curtobacterium,0.00277529967145874,55,2.9555965638979e-05,54
bench,sk__Bacteria;p__Proteobacteria;c__Gammaproteobacteria;o__Enterobacterales;f__Yersiniaceae;g__Rahnella,0.000367715636105434,208,2.94745971358188e-05,55
bench,sk__Bacteria;p__Actinobacteria;c__Actinomycetia;o__Micrococcales;f__Microbacteriaceae;g__Clavibacter,0.00259560660299317,62,2.79837559057059e-05,56
bench,sk__Bacteria;p__Proteobacteria;c__Betaproteobacteria;o__Burkholderiales;f__Burkholderiaceae;g__Cupriavidus,0.00265298388264213,61,2.66121246245003e-05,57
bench,sk__Bacteria;p__Proteobacteria;c__Gammaproteobacteria;o__Xanthomonadales;f__Xanthomonadaceae;g__Xanthomonas,0.00267571240085637,58,2.551122511155e-05,58
bench,sk__Bacteria;p__Proteobacteria;c__Alphaproteobacteria;o__Hyphomicrobiales;f__Brucellaceae;g__Ochrobactrum,0.000562934854850722,159,2.18299556836931e-05,59
bench,sk__Bacteria;p__Proteobacteria;c__Gammaproteobacteria;o__Aeromonadales;f__Aeromonadaceae;g__Aeromonas,0.00130412563507954,94,2.1097115517991e-05,60
bench,sk__Bacteria;p__Actinobacteria;c__Actinomycetia;o__Bifidobacteriales;f__Bifidobacteriaceae;g__Bifidobacterium,0.00114991880790216,103,2.01354272822671e-05,61
bench,sk__Bacteria;p__Actinobacteria;c__Actinomycetia;o__Pseudonocardiales;f__Pseudonocardiaceae;g__Pseudonocardia,0.0043810661687931,37,1.9802132561099e-05,62
bench,sk__Bacteria;p__Actinobacteria;c__Actinomycetia;o__Corynebacteriales;f__Mycobacteriaceae;g__Mycolicibacterium,0.00436290854295875,38,1.97804075977386e-05,63
bench,sk__Bacteria;p__Actinobacteria;c__Actinomycetia;o__Geodermatophilales;f__Geodermatophilaceae;g__Blastococcus,0.00381822002606114,42,1.97270944475857e-05,64
bench,sk__Bacteria;p__Bacteroidetes;c__Flavobacteriia;o__Flavobacteriales;f__Weeksellaceae;g__Chryseobacterium,0.000855837764612939,123,1.78133345463447e-05,65
bench,sk__Eukaryota;p__Ascomycota;c__Sordariomycetes;o__Sordariales;f__Chaetomiaceae;g__Thermothielavioides,0.00143145969791648,84,1.73396387050239e-05,66
bench,sk__Bacteria;p__Firmicutes;c__Bacilli;o__Bacillales;f__;g__Exiguobacterium,0.000673158752301262,136,1.68473121893423e-05,67
bench,sk__Bacteria;p__Actinobacteria;c__Actinomycetia;o__Propionibacteriales;f__Propionibacteriaceae;g__Propionibacterium,0.0013483451594062,88,1.68012668013003e-05,68
bench,sk__Bacteria;p__Proteobacteria;c__Betaproteobacteria;o__Burkholderiales;f__Oxalobacteraceae;g__Massilia,0.00188379466244303,76,1.61024243663964e-05,69
bench,sk__Bacteria;p__Proteobacteria;c__Alphaproteobacteria;o__Sphingomonadales;f__Sphingomonadaceae;g__Sphingopyxis,0.00286494899241457,53,1.59208733212263e-05,70
bench,sk__Bacteria;p__Actinobacteria;c__Actinomycetia;o__Corynebacteriales;f__Gordoniaceae;g__Gordonia,0.00329095370961338,49,1.58303347435291e-05,71
bench,sk__Bacteria;p__Proteobacteria;c__Gammaproteobacteria;o__Xanthomonadales;f__Xanthomonadaceae;g__Luteimonas,0.000536674181279001,164,1.54117428744121e-05,72
bench,sk__Bacteria;p__Firmicutes;c__Bacilli;o__Bacillales;f__Listeriaceae;g__Listeria,0.00172373173482775,77,1.46079491688242e-05,73
bench,sk__Bacteria;p__Proteobacteria;c__Alphaproteobacteria;o__Hyphomicrobiales;f__Rhizobiaceae;g__Pseudorhizobium,0.000600694647117691,149,1.33924399034291e-05,74
bench,sk__Bacteria;p__Actinobacteria;c__Actinomycetia;o__Micromonosporales;f__Micromonosporaceae;g__Actinoplanes,0.00332275040239731,48,1.32003370432509e-05,75
bench,sk__Bacteria;p__Actinobacteria;c__Actinomycetia;o__Micrococcales;f__Promicromonosporaceae;g__Cellulosimicrobium,0.00243403576236296,65,1.20320676479465e-05,76
bench,sk__Bacteria;p__Actinobacteria;c__Actinomycetia;o__Bifidobacteriales;f__Bifidobacteriaceae;g__Gardnerella,0.00100352332918781,110,1.18414063823765e-05,77
bench,sk__Bacteria;p__Proteobacteria;c__Alphaproteobacteria;o__Rhodospirillales;f__Acetobacteraceae;g__Roseomonas,0.00283626623705414,54,1.11742593134608e-05,78
bench,sk__Bacteria;p__Actinobacteria;c__Actinomycetia;o__Micrococcales;f__Kytococcaceae;g__Kytococcus,0.00135971208485407,87,1.03374471251413e-05,79
bench,sk__Bacteria;p__Bacteroidetes;c__Bacteroidia;o__Bacteroidales;f__Prevotellaceae;g__Prevotella,0.00097820657941287,112,1.02359906968577e-05,80
bench,sk__Bacteria;p__Firmicutes;c__Bacilli;o__Bacillales;f__Staphylococcaceae;g__Macrococcus,0.000399192784203923,197,9.8344211625215e-06,81
bench,sk__Bacteria;p__Proteobacteria;c__Gammaproteobacteria;o__Enterobacterales;f__Enterobacteriaceae;g__Escherichia,0.00168992680446528,78,9.58630501246723e-06,82
bench,sk__Bacteria;p__Actinobacteria;c__Actinomycetia;o__Propionibacteriales;f__Propionibacteriaceae;g__Microlunatus,0.00265396459486996,60,9.46113582370772e-06,83
bench,sk__Bacteria;p__Proteobacteria;c__Gammaproteobacteria;o__Enterobacterales;f__Erwiniaceae;g__Erwinia,0.000528103443475625,167,9.06734242791841e-06,84
bench,sk__Bacteria;p__Firmicutes;c__Bacilli;o__Lactobacillales;f__Lactobacillaceae;g__Weissella,0.000382303946268392,203,8.74114395713125e-06,85
bench,sk__Bacteria;p__Proteobacteria;c__Alphaproteobacteria;o__Hyphomicrobiales;f__Rhizobiaceae;g__Rhizobium,0.00193843577013937,74,8.64928195653445e-06,86
bench,sk__Bacteria;p__Cyanobacteria;c__;o__Chroococcidiopsidales;f__Chroococcidiopsidaceae;g__Chroococcidiopsis,0.000796397228905889,125,8.63100993568986e-06,87
bench,sk__Bacteria;p__Firmicutes;c__Bacilli;o__Lactobacillales;f__Lactobacillaceae;g__Limosilactobacillus,0.00147308905411945,82,8.483087590587e-06,88
bench,sk__Eukaryota;p__Ascomycota;c__Saccharomycetes;o__Saccharomycetales;f__Debaryomycetaceae;g__Candida,0.00148363191233543,80,8.40093302345606e-06,89
bench,sk__Bacteria;p__Proteobacteria;c__Betaproteobacteria;o__Burkholderiales;f__Comamonadaceae;g__Delftia,0.00134052941778871,90,8.10648852250687e-06,90
bench,sk__Bacteria;p__Actinobacteria;c__Actinomycetia;o__Propionibacteriales;f__Propionibacteriaceae;g__Tessaracoccus,0.00316111234518138,50,7.99509155740056e-06,91
bench,sk__Bacteria;p__Proteobacteria;c__Betaproteobacteria;o__Burkholderiales;f__Burkholderiaceae;g__Burkholderia,0.00272454067136381,57,7.63596277153856e-06,92
bench,sk__Bacteria;p__Actinobacteria;c__Actinomycetia;o__Micrococcales;f__Cellulomonadaceae;g__Cellulomonas,0.00338323403832919,47,7.36138491993319e-06,93
bench,sk__Eukaryota;p__Euglenozoa;c__Kinetoplastea;o__Trypanosomatida;f__Trypanosomatidae;g__Leishmania,0.0012936439038814,95,7.10077526925475e-06,94
bench,sk__Bacteria;p__Actinobacteria;c__Actinomycetia;o__Pseudonocardiales;f__Pseudonocardiaceae;g__Amycolatopsis,0.00274979129611782,56,6.41220260708232e-06,95
bench,sk__Bacteria;p__Proteobacteria;c__Gammaproteobacteria;o__Enterobacterales;f__Yersiniaceae;g__Serratia,0.000721977642002884,132,6.39305007255139e-06,96
bench,sk__Bacteria;p__Firmicutes;c__Bacilli;o__Lactobacillales;f__Lactobacillaceae;g__Lactobacillus,0.000765756424583542,130,5.94104170227746e-06,97
bench,sk__Bacteria;p__Proteobacteria;c__Betaproteobacteria;o__Burkholderiales;f__Oxalobacteraceae;g__Janthinobacterium,0.000957723889752047,114,5.5174747801954e-06,98
bench,sk__Bacteria;p__Actinobacteria;c__Actinomycetia;o__Micrococcales;f__Micrococcaceae;g__Glutamicibacter,0.000652541220591597,139,4.71931599976506e-06,99
bench,sk__Bacteria;p__Actinobacteria;c__Actinomycetia;o__Propionibacteriales;f__Nocardioidaceae;g__Pimelobacter,0.00228610085867465,66,4.6656867422205e-06,100
door,sk__Bacteria;p__Firmicutes;c__Negativicutes;o__Veillonellales;f__Veillonellaceae;g__Negativicoccus,0.206638297898017,1,0.0504838824757691,1
door,sk__Bacteria;p__Proteobacteria;c__Gammaproteobacteria;o__Pseudomonadales;f__Pseudomonadaceae;g__Pseudomonas,0.071140523389227,3,0.0281940376209644,2
door,sk__Bacteria;p__Actinobacteria;c__Actinomycetia;o__Propionibacteriales;f__Propionibacteriaceae;g__Cutibacterium,0.123770237429912,2,0.0231704197137247,3
door,sk__Bacteria;p__Actinobacteria;c__Actinomycetia;o__Micrococcales;f__Intrasporangiaceae;g__Janibacter,0.0229358822684168,7,0.00607987534194107,4
door,sk__Bacteria;p__Proteobacteria;c__Alphaproteobacteria;o__Hyphomicrobiales;f__Bradyrhizobiaceae;g__Bradyrhizobium,0.058117844815507,4,0.00564302126435782,5
door,sk__Bacteria;p__Proteobacteria;c__Gammaproteobacteria;o__Xanthomonadales;f__Xanthomonadaceae;g__Stenotrophomonas,0.0164203463567591,11,0.00475304182035525,6
door,sk__Bacteria;p__Actinobacteria;c__Actinomycetia;o__Micrococcales;f__Microbacteriaceae;g__Microbacterium,0.0254582503295682,6,0.00406350573211775,7
door,sk__Bacteria;p__Actinobacteria;c__Actinomycetia;o__Corynebacteriales;f__Gordoniaceae;g__Gordonia,0.0201951032426062,8,0.00379450705951869,8
door,sk__Bacteria;p__Actinobacteria;c__Actinomycetia;o__Micrococcales;f__Promicromonosporaceae;g__Cellulosimicrobium,0.00885627378298421,17,0.00336622263600635,9
door,sk__Bacteria;p__Proteobacteria;c__Betaproteobacteria;o__Burkholderiales;f__Alcaligenaceae;g__Achromobacter,0.00681351876877788,22,0.00250972908162859,10
door,sk__Bacteria;p__Firmicutes;c__Bacilli;o__Bacillales;f__Bacillaceae;g__Lysinibacillus,0.00584987318373813,26,0.00237372829803037,11
door,sk__Bacteria;p__Actinobacteria;c__Actinomycetia;o__Corynebacteriales;f__Nocardiaceae;g__Rhodococcus,0.0103618612060864,15,0.00203078570168964,12
door,sk__Bacteria;p__Actinobacteria;c__Actinomycetia;o__Micrococcales;f__Micrococcaceae;g__Kocuria,0.01671909818254,10,0.00202875572729167,13
door,sk__Bacteria;p__Actinobacteria;c__Actinomycetia;o__Micrococcales;f__Dermacoccaceae;g__Dermacoccus,0.0142164966575293,12,0.00133991904927158,14
door,sk__Bacteria;p__Actinobacteria;c__Actinomycetia;o__Micrococcales;f__Micrococcaceae;g__Micrococcus,0.0282998346579211,5,0.0012979171827168,15
door,sk__Bacteria;p__Firmicutes;c__Bacilli;o__Bacillales;f__Planococcaceae;g__Rummeliibacillus,0.00337412499516574,37,0.00127321064055711,16
door,sk__Bacteria;p__Proteobacteria;c__Gammaproteobacteria;o__Enterobacterales;f__Enterobacteriaceae;g__Enterobacter,0.00863641854588316,19,0.0012157697429102,17
door,sk__Bacteria;p__Proteobacteria;c__Alphaproteobacteria;o__Hyphomicrobiales;f__Rhizobiaceae;g__Pseudorhizobium,0.00271363633681728,40,0.00112024302203224,18
door,sk__Bacteria;p__Proteobacteria;c__Alphaproteobacteria;o__Caulobacterales;f__Caulobacteraceae;g__Brevundimonas,0.0110124161203714,13,0.000724610981837873,19
door,sk__Bacteria;p__Proteobacteria;c__Gammaproteobacteria;o__Pseudomonadales;f__Moraxellaceae;g__Acinetobacter,0.0109735881056684,14,0.000722991115046575,20
door,sk__Bacteria;p__Proteobacteria;c__Gammaproteobacteria;o__Pseudomonadales;f__Moraxellaceae;g__Psychrobacter,0.0045058934513256,31,0.000702518954801177,21
door,sk__Bacteria;p__Firmicutes;c__Bacilli;o__Bacillales;f__Bacillaceae;g__Bacillus,0.00353276890041046,36,0.000546248122134346,22
door,sk__Bacteria;p__Proteobacteria;c__Alphaproteobacteria;o__Hyphomicrobiales;f__Brucellaceae;g__Brucella,0.00207609568773426,50,0.000504377529907278,23
door,sk__Bacteria;p__Actinobacteria;c__Actinomycetia;o__Corynebacteriales;f__Corynebacteriaceae;g__Corynebacterium,0.0184526090190289,9,0.000341621101446011,24
door,sk__Bacteria;p__Proteobacteria;c__Alphaproteobacteria;o__Hyphomicrobiales;f__Methylobacteriaceae;g__Methylobacterium,0.00879003724290351,18,0.000329084302862016,25
door,sk__Bacteria;p__Actinobacteria;c__Actinomycetia;o__Micrococcales;f__Kytococcaceae;g__Kytococcus,0.00460915619164789,30,0.000282874517763905,26
door,sk__Bacteria;p__Proteobacteria;c__Gammaproteobacteria;o__Enterobacterales;f__Enterobacteriaceae;g__Leclercia,0.00265540347703396,41,0.000264645518245723,27
door,sk__Bacteria;p__Firmicutes;c__Bacilli;o__Lactobacillales;f__Lactobacillaceae;g__Leuconostoc,0.00251260842941675,46,0.000260163990696239,28
door,sk__Bacteria;p__Proteobacteria;c__Gammaproteobacteria;o__Enterobacterales;f__Enterobacteriaceae;g__Cronobacter,0.00161611786827157,64,0.000249697552642278,29
door,sk__Bacteria;p__Proteobacteria;c__Alphaproteobacteria;o__Rhodobacterales;f__Rhodobacteraceae;g__Paracoccus,0.00731738149485288,21,0.000187732909464241,30
door,sk__Bacteria;p__Firmicutes;c__Bacilli;o__Lactobacillales;f__Streptococcaceae;g__Streptococcus,0.00602168258272631,25,0.000156685381748103,31
door,sk__Bacteria;p__Firmicutes;c__Bacilli;o__Bacillales;f__Staphylococcaceae;g__Staphylococcus,0.00479680589077792,28,0.000155495760368518,32
door,sk__Bacteria;p__Actinobacteria;c__Actinomycetia;o__Corynebacteriales;f__Mycobacteriaceae;g__Mycolicibacterium,0.0040658206481567,33,0.000139474864076842,33
door,sk__Bacteria;p__Actinobacteria;c__Actinomycetia;o__Geodermatophilales;f__Geodermatophilaceae;g__Geodermatophilus,0.00376276062409875,35,0.000107377064720582,34
door,sk__Bacteria;p__Proteobacteria;c__Gammaproteobacteria;o__Pseudomonadales;f__Moraxellaceae;g__Moraxella,0.00633866865653591,24,0.000105199817323468,35
door,sk__Bacteria;p__Proteobacteria;c__Betaproteobacteria;o__Burkholderiales;f__Burkholderiaceae;g__Cupriavidus,0.00803210234130333,20,0.000103339410897001,36
door,sk__Bacteria;p__Firmicutes;c__Clostridia;o__Eubacteriales;f__Lachnospiraceae;g__Lacrimispora,0.00120102838506915,83,8.96422975843686e-05,37
door,sk__Bacteria;p__Proteobacteria;c__Gammaproteobacteria;o__Xanthomonadales;f__Xanthomonadaceae;g__Luteimonas,0.00138365003164118,73,8.93497724375734e-05,38
door,sk__Bacteria;p__Actinobacteria;c__Actinomycetia;o__Streptomycetales;f__Streptomycetaceae;g__Streptomyces,0.00935528905145981,16,8.93390935961866e-05,39
door,sk__Bacteria;p__Firmicutes;c__Bacilli;o__Bacillales;f__Paenibacillaceae;g__Paenibacillus,0.00113138364901879,85,8.65942143257903e-05,40
door,sk__Bacteria;p__Proteobacteria;c__Gammaproteobacteria;o__Enterobacterales;f__Erwiniaceae;g__Pantoea,0.00256350181751216,45,8.65611949871861e-05,41
door,sk__Bacteria;p__Proteobacteria;c__Gammaproteobacteria;o__Enterobacterales;f__Enterobacteriaceae;g__Klebsiella,0.00395368097242023,34,7.98132736240155e-05,42
door,sk__Bacteria;p__Actinobacteria;c__Actinomycetia;o__Corynebacteriales;f__Mycobacteriaceae;g__Mycobacterium,0.00461132209071643,29,7.89041051455585e-05,43
door,sk__Bacteria;p__Actinobacteria;c__Actinomycetia;o__Micrococcales;f__Dermabacteraceae;g__Brachybacterium,0.00522005797691193,27,7.20031503318531e-05,44
door,sk__Bacteria;p__Proteobacteria;c__Alphaproteobacteria;o__Sphingomonadales;f__Sphingomonadaceae;g__Sphingomonas,0.00670366078463275,23,7.17735367391723e-05,45
door,sk__Bacteria;p__Firmicutes;c__Clostridia;o__Eubacteriales;f__Clostridiaceae;g__Clostridium,0.00163436424398406,62,7.0865722728142e-05,46
door,sk__Bacteria;p__Actinobacteria;c__Actinomycetia;o__Actinomycetales;f__Actinomycetaceae;g__Actinomyces,0.00431108221022131,32,6.9042496847156e-05,47
door,sk__Bacteria;p__Actinobacteria;c__Actinomycetia;o__Micrococcales;f__Brevibacteriaceae;g__Brevibacterium,0.00191440940601944,53,4.94176343174962e-05,48
door,sk__Bacteria;p__Actinobacteria;c__Actinomycetia;o__Propionibacteriales;f__Propionibacteriaceae;g__Propionibacterium,0.00247512659173375,47,4.80580477988554e-05,49
door,sk__Bacteria;p__Proteobacteria;c__Gammaproteobacteria;o__Enterobacterales;f__Morganellaceae;g__Proteus,0.000566130957167708,129,4.75356925648806e-05,50
door,sk__Bacteria;p__Actinobacteria;c__Actinomycetia;o__Micrococcales;f__Microbacteriaceae;g__Curtobacterium,0.00163618069733576,61,4.03374781899773e-05,51
door,sk__Bacteria;p__Firmicutes;c__Bacilli;o__Bacillales;f__Planococcaceae;g__Solibacillus,0.000929465036781275,91,3.83784719360826e-05,52
door,sk__Bacteria;p__Firmicutes;c__Clostridia;o__Eubacteriales;f__Christensenellaceae;g__Christensenella,0.00198567251539431,51,3.54627631238619e-05,53
door,sk__Bacteria;p__Proteobacteria;c__Gammaproteobacteria;o__Xanthomonadales;f__Xanthomonadaceae;g__Xanthomonas,0.00334875326821521,38,3.52583289637994e-05,54
door,sk__Bacteria;p__Actinobacteria;c__Actinomycetia;o__Geodermatophilales;f__Geodermatophilaceae;g__Blastococcus,0.00168898504011145,58,3.34021014723635e-05,55
door,sk__Bacteria;p__Proteobacteria;c__Alphaproteobacteria;o__Hyphomicrobiales;f__Rhizobiaceae;g__Rhizobium,0.00213135243062057,49,3.31713658819957e-05,56
door,sk__Bacteria;p__Firmicutes;c__Bacilli;o__Bacillales;f__;g__Exiguobacterium,0.000819746106034262,105,2.89761436049527e-05,57
door,sk__Bacteria;p__Actinobacteria;c__Actinomycetia;o__Micrococcales;f__Dermacoccaceae;g__Luteipulveratus,0.00153448394350567,68,2.42086346617445e-05,58
door,sk__Bacteria;p__Proteobacteria;c__Gammaproteobacteria;o__Enterobacterales;f__Enterobacteriaceae;g__Kosakonia,0.000873348058221528,96,2.37360005994348e-05,59
door,sk__Bacteria;p__Proteobacteria;c__Alphaproteobacteria;o__Caulobacterales;f__Caulobacteraceae;g__Phenylobacterium,0.000831189661602546,101,2.29475034010758e-05,60
door,sk__Bacteria;p__Proteobacteria;c__Alphaproteobacteria;o__Hyphomicrobiales;f__Methylobacteriaceae;g__Methylorubrum,0.00317381283243302,39,2.2918924643595e-05,61
door,sk__Bacteria;p__Firmicutes;c__Bacilli;o__Lactobacillales;f__Carnobacteriaceae;g__Carnobacterium,0.000744944484749536,110,2.21244111398251e-05,62
door,sk__Bacteria;p__Proteobacteria;c__Gammaproteobacteria;o__Enterobacterales;f__Enterobacteriaceae;g__Citrobacter,0.000813083706253356,107,2.16475945701155e-05,63
door,sk__Bacteria;p__Actinobacteria;c__Actinomycetia;o__Geodermatophilales;f__Geodermatophilaceae;g__Modestobacter,0.00159754409418793,65,1.85961179796971e-05,64
door,sk__Bacteria;p__Proteobacteria;c__Betaproteobacteria;o__Burkholderiales;f__Alcaligenaceae;g__Bordetella,0.00135464335099241,74,1.77221653578257e-05,65
door,sk__Bacteria;p__Actinobacteria;c__Actinomycetia;o__Micrococcales;f__Micrococcaceae;g__Rothia,0.00261503370845762,42,1.71292540522951e-05,66
door,sk__Bacteria;p__Proteobacteria;c__Gammaproteobacteria;o__Aeromonadales;f__Aeromonadaceae;g__Aeromonas,0.00134989512754294,75,1.68843278227929e-05,67
door,sk__Bacteria;p__Bacteroidetes;c__Flavobacteriia;o__Flavobacteriales;f__Weeksellaceae;g__Planobacterium,0.00134280536836143,76,1.65166172030038e-05,68
door,sk__Bacteria;p__Actinobacteria;c__Actinomycetia;o__Micrococcales;f__Micrococcaceae;g__Arthrobacter,0.00223196511118437,48,1.59977827996619e-05,69
door,sk__Bacteria;p__Proteobacteria;c__Gammaproteobacteria;o__Alteromonadales;f__Shewanellaceae;g__Shewanella,0.00122442613623404,79,1.49472051433416e-05,70
door,sk__Eukaryota;p__Euglenozoa;c__Kinetoplastea;o__Trypanosomatida;f__Trypanosomatidae;g__Leishmania,0.00157661961114157,66,1.4898814138694e-05,71
door,sk__Bacteria;p__Actinobacteria;c__Actinomycetia;o__Corynebacteriales;f__Dietziaceae;g__Dietzia,0.00087266938077563,97,1.40682773891951e-05,72
door,sk__Bacteria;p__Bacteroidetes;c__Sphingobacteriia;o__Sphingobacteriales;f__Sphingobacteriaceae;g__Sphingobacterium,0.000631457271207815,120,1.36837562654637e-05,73
door,sk__Bacteria;p__Proteobacteria;c__Alphaproteobacteria;o__Sphingomonadales;f__Sphingomonadaceae;g__Sphingobium,0.00256977811196607,44,1.32696927325108e-05,74
door,sk__Bacteria;p__Proteobacteria;c__Gammaproteobacteria;o__Enterobacterales;f__Enterobacteriaceae;g__Escherichia,0.000857783206501097,98,1.26340670290484e-05,75
door,sk__Bacteria;p__Firmicutes;c__Bacilli;o__Bacillales;f__Bacillaceae;g__Priestia,0.000420484836338123,151,1.16030600352694e-05,76
door,sk__Bacteria;p__Firmicutes;c__Bacilli;o__Lactobacillales;f__Streptococcaceae;g__Lactococcus,0.000798647946168051,108,1.07167375480234e-05,77
door,sk__Bacteria;p__Firmicutes;c__Bacilli;o__Lactobacillales;f__Aerococcaceae;g__Aerococcus,0.000684628064888243,115,1.04714537740494e-05,78
door,sk__Bacteria;p__Bacteroidetes;c__Cytophagia;o__Cytophagales;f__Hymenobacteraceae;g__Hymenobacter,0.00100863906965346,88,1.03143575977244e-05,79
door,sk__Bacteria;p__Deinococcus-Thermus;c__Deinococci;o__Deinococcales;f__Deinococcaceae;g__Deinococcus,0.00185575887728838,54,9.95558275240079e-06,80
door,sk__Bacteria;p__Actinobacteria;c__Actinomycetia;o__Propionibacteriales;f__Nocardioidaceae;g__Nocardioides,0.00260456748855523,43,9.53790790306766e-06,81
door,sk__Bacteria;p__Proteobacteria;c__Betaproteobacteria;o__Burkholderiales;f__Comamonadaceae;g__Ramlibacter,0.000827587075576669,102,8.67144683512111e-06,82
door,sk__Bacteria;p__Proteobacteria;c__Deltaproteobacteria;o__Myxococcales;f__Archangiaceae;g__Cystobacter,0.000493742257549938,139,8.64922622150967e-06,83
door,sk__Bacteria;p__Proteobacteria;c__Alphaproteobacteria;o__Caulobacterales;f__Caulobacteraceae;g__Caulobacter,0.00153850402083026,67,8.29238723358309e-06,84
door,sk__Bacteria;p__Actinobacteria;c__Actinomycetia;o__Bifidobacteriales;f__Bifidobacteriaceae;g__Gardnerella,0.00055225076683348,131,7.04241665836683e-06,85
door,sk__Bacteria;p__Proteobacteria;c__Betaproteobacteria;o__Burkholderiales;f__Oxalobacteraceae;g__Massilia,0.00130346689012189,77,6.34391564833045e-06,86
door,sk__Eukaryota;p__Ascomycota;c__Sordariomycetes;o__Sordariales;f__Chaetomiaceae;g__Thermothelomyces,0.00122387921830192,80,5.88950953781948e-06,87
door,sk__Bacteria;p__Actinobacteria;c__Actinomycetia;o__Bifidobacteriales;f__Bifidobacteriaceae;g__Bifidobacterium,0.000916531403500579,93,5.40991953313255e-06,88
door,sk__Bacteria;p__Proteobacteria;c__Gammaproteobacteria;o__Enterobacterales;f__Yersiniaceae;g__Serratia,0.000624436652591971,122,5.29778384618885e-06,89
door,sk__Bacteria;p__Proteobacteria;c__Gammaproteobacteria;o__Enterobacterales;f__Enterobacteriaceae;g__Pluralibacter,0.000349588484675056,171,4.8991425397728e-06,90
door,sk__Bacteria;p__Proteobacteria;c__Gammaproteobacteria;o__Enterobacterales;f__Enterobacteriaceae;g__Raoultella,0.00039855474721661,158,4.88316380593558e-06,91
door,sk__Bacteria;p__Bacteroidetes;c__Flavobacteriia;o__Flavobacteriales;f__Weeksellaceae;g__Chryseobacterium,0.00063300698158747,119,4.87546502296665e-06,92
door,sk__Bacteria;p__Firmicutes;c__Bacilli;o__Lactobacillales;f__Enterococcaceae;g__Enterococcus,0.000665865493930299,117,4.82362856186352e-06,93
door,sk__Bacteria;p__Proteobacteria;c__Gammaproteobacteria;o__Xanthomonadales;f__Xanthomonadaceae;g__Lysobacter,0.00139783274138377,71,4.81806852581521e-06,94
door,sk__Bacteria;p__Proteobacteria;c__Betaproteobacteria;o__Burkholderiales;f__Comamonadaceae;g__Variovorax,0.00148768996062015,69,4.59585894882405e-06,95
door,sk__Bacteria;p__Actinobacteria;c__Actinomycetia;o__Micrococcales;f__Intrasporangiaceae;g__Arsenicicoccus,0.00121587981536603,81,4.45877526887541e-06,96
door,sk__Bacteria;p__Proteobacteria;c__Deltaproteobacteria;o__Myxococcales;f__Archangiaceae;g__Melittangium,0.000353550086186353,168,4.30636725071044e-06,97
door,sk__Bacteria;p__Proteobacteria;c__Betaproteobacteria;o__Burkholderiales;f__Burkholderiaceae;g__Ralstonia,0.00177697655653388,56,4.16848523564517e-06,98
door,sk__Bacteria;p__Proteobacteria;c__Gammaproteobacteria;o__Enterobacterales;f__Enterobacteriaceae;g__Salmonella,0.0003839563587422,162,4.12693421459614e-06,99
door,sk__Bacteria;p__Proteobacteria;c__Alphaproteobacteria;o__Rhodospirillales;f__Acetobacteraceae;g__Roseomonas,0.00162201990990274,63,3.88828110842147e-06,100
handrail,sk__Bacteria;p__Firmicutes;c__Negativicutes;o__Veillonellales;f__Veillonellaceae;g__Negativicoccus,0.21742290700641,1,0.0403645045641085,1
handrail,sk__Bacteria;p__Actinobacteria;c__Actinomycetia;o__Propionibacteriales;f__Propionibacteriaceae;g__Cutibacterium,0.106457180755067,2,0.0134742214164098,2
handrail,sk__Bacteria;p__Proteobacteria;c__Alphaproteobacteria;o__Hyphomicrobiales;f__Bradyrhizobiaceae;g__Bradyrhizobium,0.0551574626549523,3,0.00809734114588885,3
handrail,sk__Bacteria;p__Proteobacteria;c__Gammaproteobacteria;o__Pseudomonadales;f__Moraxellaceae;g__Acinetobacter,0.0188439156845183,7,0.00510129252625117,4
handrail,sk__Bacteria;p__Proteobacteria;c__Gammaproteobacteria;o__Pseudomonadales;f__Pseudomonadaceae;g__Pseudomonas,0.0311680336795314,4,0.00266425800863923,5
handrail,sk__Bacteria;p__Actinobacteria;c__Actinomycetia;o__Micrococcales;f__Microbacteriaceae;g__Microbacterium,0.018511827558915,8,0.00208128877615507,6
handrail,sk__Bacteria;p__Proteobacteria;c__Gammaproteobacteria;o__Xanthomonadales;f__Xanthomonadaceae;g__Stenotrophomonas,0.00886662873996497,17,0.00137037264889018,7
handrail,sk__Bacteria;p__Actinobacteria;c__Actinomycetia;o__Micrococcales;f__Micrococcaceae;g__Kocuria,0.0161602571127883,11,0.0013445143749004,8
handrail,sk__Bacteria;p__Proteobacteria;c__Alphaproteobacteria;o__Hyphomicrobiales;f__Methylobacteriaceae;g__Methylobacterium,0.0179808853016139,9,0.00111442464836686,9
handrail,sk__Bacteria;p__Actinobacteria;c__Actinomycetia;o__Corynebacteriales;f__Nocardiaceae;g__Rhodococcus,0.00982886143702038,15,0.00099914898313432,10
handrail,sk__Bacteria;p__Deinococcus-Thermus;c__Deinococci;o__Deinococcales;f__Deinococcaceae;g__Deinococcus,0.00970946942785868,16,0.000974138242294395,11
handrail,sk__Bacteria;p__Actinobacteria;c__Actinomycetia;o__Micrococcales;f__Micrococcaceae;g__Micrococcus,0.0216622847469872,5,0.000965984550983424,12
handrail,sk__Bacteria;p__Firmicutes;c__Bacilli;o__Bacillales;f__Staphylococcaceae;g__Staphylococcus,0.0172378898563368,10,0.00081574157536187,13
handrail,sk__Bacteria;p__Proteobacteria;c__Alphaproteobacteria;o__Caulobacterales;f__Caulobacteraceae;g__Brevundimonas,0.00721803295090663,22,0.000761447096572736,14
handrail,sk__Bacteria;p__Proteobacteria;c__Gammaproteobacteria;o__Pseudomonadales;f__Moraxellaceae;g__Psychrobacter,0.00460284088829939,33,0.000599478337183411,15
handrail,sk__Bacteria;p__Actinobacteria;c__Actinomycetia;o__Micrococcales;f__Intrasporangiaceae;g__Janibacter,0.00728907694465595,21,0.000563737167677119,16
handrail,sk__Bacteria;p__Actinobacteria;c__Actinomycetia;o__Corynebacteriales;f__Corynebacteriaceae;g__Corynebacterium,0.0194677713523118,6,0.00046017558974536,17
handrail,sk__Bacteria;p__Actinobacteria;c__Actinomycetia;o__Micrococcales;f__Dermacoccaceae;g__Dermacoccus,0.00519630540608477,27,0.000436668865524288,18
handrail,sk__Bacteria;p__Actinobacteria;c__Actinomycetia;o__Propionibacteriales;f__Propionibacteriaceae;g__Propionibacterium,0.00412824693413293,36,0.000360735514960478,19
handrail,sk__Bacteria;p__Firmicutes;c__Bacilli;o__Lactobacillales;f__Streptococcaceae;g__Streptococcus,0.0128692873517497,13,0.000353718723257686,20
handrail,sk__Bacteria;p__Firmicutes;c__Clostridia;o__Eubacteriales;f__Christensenellaceae;g__Christensenella,0.00464771708683213,32,0.000330761598368711,21
handrail,sk__Bacteria;p__Proteobacteria;c__Alphaproteobacteria;o__Sphingomonadales;f__Sphingomonadaceae;g__Sphingomonas,0.0135364244256614,12,0.00026490219355921,22
handrail,sk__Bacteria;p__Actinobacteria;c__Coriobacteriia;o__Eggerthellales;f__Eggerthellaceae;g__Gordonibacter,0.000687363384466857,134,0.000227053683333773,23
handrail,sk__Bacteria;p__Bacteroidetes;c__Cytophagia;o__Cytophagales;f__Hymenobacteraceae;g__Hymenobacter,0.00542657568493449,26,0.000209688163767721,24
handrail,sk__Bacteria;p__Firmicutes;c__Bacilli;o__Lactobacillales;f__Streptococcaceae;g__Lactococcus,0.00164539611351332,70,0.000200888136244239,25
handrail,sk__Bacteria;p__Actinobacteria;c__Actinomycetia;o__Micrococcales;f__Brevibacteriaceae;g__Brevibacterium,0.00264839271378936,48,0.00019749385306611,26
handrail,sk__Bacteria;p__Firmicutes;c__Bacilli;o__Lactobacillales;f__Enterococcaceae;g__Enterococcus,0.00271431732719661,45,0.000186537654743185,27
handrail,sk__Bacteria;p__Proteobacteria;c__Gammaproteobacteria;o__Pseudomonadales;f__Moraxellaceae;g__Moraxella,0.00788603775064173,18,0.000153435940750394,28
handrail,sk__Bacteria;p__Proteobacteria;c__Gammaproteobacteria;o__Enterobacterales;f__Enterobacteriaceae;g__Klebsiella,0.00609340563218052,23,0.000152919870143877,29
handrail,sk__Bacteria;p__Proteobacteria;c__Betaproteobacteria;o__Burkholderiales;f__Burkholderiaceae;g__Cupriavidus,0.00755368153121829,19,0.000142417454392586,30
handrail,sk__Bacteria;p__Actinobacteria;c__Actinomycetia;o__Streptomycetales;f__Streptomycetaceae;g__Streptomyces,0.0128207770541955,14,0.000141298854931628,31
handrail,sk__Bacteria;p__Firmicutes;c__Bacilli;o__Bacillales;f__Bacillaceae;g__Lysinibacillus,0.00103901690939529,105,0.000131112134143304,32
handrail,sk__Bacteria;p__Actinobacteria;c__Actinomycetia;o__Micrococcales;f__Dermabacteraceae;g__Brachybacterium,0.00508808438957306,29,0.00012602886979559,33
handrail,sk__Bacteria;p__Actinobacteria;c__Actinomycetia;o__Micrococcales;f__Micrococcaceae;g__Rothia,0.0043718324506729,34,0.000123215189400443,34
handrail,sk__Bacteria;p__Actinobacteria;c__Actinomycetia;o__Corynebacteriales;f__Gordoniaceae;g__Gordonia,0.00577890791141103,24,0.00011173217747872,35
handrail,sk__Bacteria;p__Proteobacteria;c__Gammaproteobacteria;o__Oceanospirillales;f__Halomonadaceae;g__Candidatus_Portiera,0.00045210025611486,176,0.000105043895428734,36
handrail,sk__Bacteria;p__Firmicutes;c__Bacilli;o__Lactobacillales;f__Carnobacteriaceae;g__Carnobacterium,0.00124975075521796,95,9.2604316054754e-05,37
handrail,sk__Bacteria;p__Firmicutes;c__Bacilli;o__Bacillales;f__Bacillaceae;g__Bacillus,0.00276578757042245,43,7.86066082537042e-05,38
handrail,sk__Bacteria;p__Proteobacteria;c__Alphaproteobacteria;o__Hyphomicrobiales;f__Brucellaceae;g__Brucella,0.00122603682231861,97,7.35103275021626e-05,39
handrail,sk__Eukaryota;p__Euglenozoa;c__Kinetoplastea;o__Trypanosomatida;f__Trypanosomatidae;g__Leishmania,0.00226243050025253,54,5.62611957805803e-05,40
handrail,sk__Bacteria;p__Actinobacteria;c__Actinomycetia;o__Actinomycetales;f__Actinomycetaceae;g__Actinomyces,0.00561411815580779,25,5.58293452434199e-05,41
handrail,sk__Bacteria;p__Cyanobacteria;c__;o__Chroococcidiopsidales;f__Chroococcidiopsidaceae;g__Chroococcidiopsis,0.00172579192369631,65,4.90988813730714e-05,42
handrail,sk__Bacteria;p__Proteobacteria;c__Betaproteobacteria;o__Burkholderiales;f__Alcaligenaceae;g__Achromobacter,0.00165050693836875,69,4.67423343190086e-05,43
handrail,sk__Bacteria;p__Actinobacteria;c__Actinomycetia;o__Micrococcales;f__Micrococcaceae;g__Pseudarthrobacter,0.00124704034782694,96,4.60813587280767e-05,44
handrail,sk__Bacteria;p__Proteobacteria;c__Alphaproteobacteria;o__Rhodobacterales;f__Rhodobacteraceae;g__Paracoccus,0.00753069979061802,20,4.52467627189355e-05,45
handrail,sk__Bacteria;p__Firmicutes;c__Bacilli;o__Lactobacillales;f__Lactobacillaceae;g__Leuconostoc,0.00111625959707307,103,4.38748033201921e-05,46
handrail,sk__Bacteria;p__Actinobacteria;c__Actinomycetia;o__Micrococcales;f__Micrococcaceae;g__Arthrobacter,0.00319990966793217,38,4.20772092156142e-05,47
handrail,sk__Bacteria;p__Firmicutes;c__Bacilli;o__Bacillales;f__Staphylococcaceae;g__Macrococcus,0.000536156772932872,159,4.19383762077318e-05,48
handrail,sk__Bacteria;p__Bacteroidetes;c__Sphingobacteriia;o__Sphingobacteriales;f__Sphingobacteriaceae;g__Sphingobacterium,0.000620445546477125,140,3.83914431754631e-05,49
handrail,sk__Bacteria;p__Proteobacteria;c__Alphaproteobacteria;o__Hyphomicrobiales;f__Methylobacteriaceae;g__Methylorubrum,0.00467153003070002,31,3.45139637809986e-05,50
handrail,sk__Bacteria;p__Actinobacteria;c__Actinomycetia;o__Micrococcales;f__Kytococcaceae;g__Kytococcus,0.00214399908045752,57,3.36042643225893e-05,51
handrail,sk__Bacteria;p__Firmicutes;c__Bacilli;o__Lactobacillales;f__Aerococcaceae;g__Aerococcus,0.000860203620131542,110,3.35706481814442e-05,52
handrail,sk__Bacteria;p__Actinobacteria;c__Actinomycetia;o__Micrococcales;f__Ornithinimicrobiaceae;g__Serinicoccus,0.00157677769865435,76,3.24184374255331e-05,53
handrail,sk__Bacteria;p__Proteobacteria;c__Betaproteobacteria;o__Burkholderiales;f__Oxalobacteraceae;g__Janthinobacterium,0.00129606795109746,92,3.05096974368248e-05,54
handrail,sk__Bacteria;p__Actinobacteria;c__Actinomycetia;o__Propionibacteriales;f__Nocardioidaceae;g__Nocardioides,0.00488069565740584,30,2.65535296913119e-05,55
handrail,sk__Bacteria;p__Actinobacteria;c__Actinomycetia;o__Geodermatophilales;f__Geodermatophilaceae;g__Geodermatophilus,0.00297113581356545,40,2.45168563278131e-05,56
handrail,sk__Eukaryota;p__Ascomycota;c__Sordariomycetes;o__Sordariales;f__Chaetomiaceae;g__Thermothelomyces,0.00250642461331697,51,2.31555801790271e-05,57
handrail,sk__Bacteria;p__Proteobacteria;c__Gammaproteobacteria;o__Enterobacterales;f__Enterobacteriaceae;g__Salmonella,0.00170214678095096,67,2.28250562591492e-05,58
handrail,sk__Bacteria;p__Actinobacteria;c__Actinomycetia;o__Micrococcales;f__Microbacteriaceae;g__Curtobacterium,0.00220209783280937,55,2.27013383904462e-05,59
handrail,sk__Archaea;p__Euryarchaeota;c__Methanomicrobia;o__Methanomicrobiales;f__Methanomicrobiaceae;g__Methanoculleus,0.000358907537270357,206,2.02261610129695e-05,60
handrail,sk__Bacteria;p__Firmicutes;c__Bacilli;o__Bacillales;f__Listeriaceae;g__Listeria,0.00140237130413867,85,1.92684016468418e-05,61
handrail,sk__Bacteria;p__Proteobacteria;c__Alphaproteobacteria;o__Sphingomonadales;f__Sphingomonadaceae;g__Sphingobium,0.00425794872987588,35,1.89564930020614e-05,62
handrail,sk__Bacteria;p__Proteobacteria;c__Betaproteobacteria;o__Burkholderiales;f__Comamonadaceae;g__Comamonas,0.00140399249022513,84,1.86991736062104e-05,63
handrail,sk__Bacteria;p__Firmicutes;c__Bacilli;o__Lactobacillales;f__Lactobacillaceae;g__Limosilactobacillus,0.00147324962721938,81,1.59436177176421e-05,64
handrail,sk__Bacteria;p__Proteobacteria;c__Gammaproteobacteria;o__Enterobacterales;f__Enterobacteriaceae;g__Enterobacter,0.00210143121925029,58,1.59174128514199e-05,65
handrail,sk__Bacteria;p__Actinobacteria;c__Actinomycetia;o__Geodermatophilales;f__Geodermatophilaceae;g__Modestobacter,0.00319482823376675,39,1.52442281856851e-05,66
handrail,sk__Bacteria;p__Actinobacteria;c__Actinomycetia;o__Corynebacteriales;f__Mycobacteriaceae;g__Mycobacterium,0.00510982428359373,28,1.50866916731135e-05,67
handrail,sk__Bacteria;p__Bacteroidetes;c__Flavobacteriia;o__Flavobacteriales;f__Weeksellaceae;g__Chryseobacterium,0.00079070979482454,121,1.50291111119345e-05,68
handrail,sk__Bacteria;p__Actinobacteria;c__Actinomycetia;o__Propionibacteriales;f__Propionibacteriaceae;g__Tessaracoccus,0.00228271566712925,53,1.49259772603118e-05,69
handrail,sk__Bacteria;p__Actinobacteria;c__Actinomycetia;o__Micrococcales;f__Intrasporangiaceae;g__Arsenicicoccus,0.00155356198619049,77,1.4697608779692e-05,70
handrail,sk__Eukaryota;p__Ascomycota;c__Sordariomycetes;o__Sordariales;f__Chaetomiaceae;g__Thermothielavioides,0.00174960916087008,64,1.38814303414145e-05,71
handrail,sk__Bacteria;p__Bacteroidetes;c__Bacteroidia;o__Bacteroidales;f__Prevotellaceae;g__Prevotella,0.00177463010961544,63,1.35234358352038e-05,72
handrail,sk__Bacteria;p__Proteobacteria;c__Alphaproteobacteria;o__Caulobacterales;f__Caulobacteraceae;g__Caulobacter,0.00159871739355419,74,1.28275681873936e-05,73
handrail,sk__Bacteria;p__Proteobacteria;c__Gammaproteobacteria;o__Enterobacterales;f__Enterobacteriaceae;g__Escherichia,0.00146011668450161,82,1.21741197692101e-05,74
handrail,sk__Bacteria;p__Actinobacteria;c__Actinomycetia;o__Micrococcales;f__Sanguibacteraceae;g__Sanguibacter,0.000805439032704155,120,1.13641512767489e-05,75
handrail,sk__Bacteria;p__Proteobacteria;c__Gammaproteobacteria;o__Xanthomonadales;f__Xanthomonadaceae;g__Xanthomonas,0.00270709390137198,46,1.11004564645362e-05,76
handrail,sk__Bacteria;p__Proteobacteria;c__Alphaproteobacteria;o__Rhodospirillales;f__Acetobacteraceae;g__Roseomonas,0.00266980280389542,47,1.06434835486544e-05,77
handrail,sk__Bacteria;p__Actinobacteria;c__Actinomycetia;o__Corynebacteriales;f__Mycobacteriaceae;g__Mycolicibacterium,0.00368927747993116,37,1.00784149237896e-05,78
handrail,sk__Bacteria;p__Proteobacteria;c__Gammaproteobacteria;o__Enterobacterales;f__Erwiniaceae;g__Pantoea,0.00163364026614761,72,9.18956283078104e-06,79
handrail,sk__Eukaryota;p__Ascomycota;c__Saccharomycetes;o__Saccharomycetales;f__Debaryomycetaceae;g__Candida,0.00164469190040287,71,8.59816009748779e-06,80
handrail,sk__Bacteria;p__Proteobacteria;c__Betaproteobacteria;o__Burkholderiales;f__Burkholderiaceae;g__Ralstonia,0.00192689627868831,61,8.35156461845847e-06,81
handrail,sk__Bacteria;p__Actinobacteria;c__Actinomycetia;o__Micrococcales;f__Cellulomonadaceae;g__Cellulomonas,0.00246300906319898,52,8.20727575269585e-06,82
handrail,sk__Bacteria;p__Actinobacteria;c__Actinomycetia;o__Corynebacteriales;f__Dietziaceae;g__Dietzia,0.00082910428442921,117,7.8297200247037e-06,83
handrail,sk__Bacteria;p__Proteobacteria;c__Betaproteobacteria;o__Neisseriales;f__Neisseriaceae;g__Neisseria,0.00132361267028361,89,7.48611723326756e-06,84
handrail,sk__Bacteria;p__Proteobacteria;c__Alphaproteobacteria;o__Hyphomicrobiales;f__Rhizobiaceae;g__Rhizobium,0.00197042631347921,60,6.94878673927301e-06,85
handrail,sk__Bacteria;p__Proteobacteria;c__Alphaproteobacteria;o__Sphingomonadales;f__Sphingomonadaceae;g__Sphingopyxis,0.00279485006517667,42,6.9487435613885e-06,86
handrail,sk__Bacteria;p__Proteobacteria;c__Gammaproteobacteria;o__Pasteurellales;f__Pasteurellaceae;g__Haemophilus,0.00133279516119523,88,6.81344392093359e-06,87
handrail,sk__Bacteria;p__Firmicutes;c__Clostridia;o__Eubacteriales;f__Clostridiaceae;g__Clostridium,0.000259792924904035,248,6.64768295605869e-06,88
handrail,sk__Bacteria;p__Proteobacteria;c__Alphaproteobacteria;o__Hyphomicrobiales;f__Brucellaceae;g__Ochrobactrum,0.000171751124278197,297,6.5475505335881e-06,89
handrail,sk__Bacteria;p__Firmicutes;c__Negativicutes;o__Veillonellales;f__Veillonellaceae;g__Veillonella,0.00121303036645983,98,6.21582314290907e-06,90
handrail,sk__Bacteria;p__Actinobacteria;c__Actinomycetia;o__Micrococcales;f__Promicromonosporaceae;g__Cellulosimicrobium,0.00133809961498143,87,5.89265865755822e-06,91
handrail,sk__Bacteria;p__Actinobacteria;c__Actinomycetia;o__Geodermatophilales;f__Geodermatophilaceae;g__Blastococcus,0.00219872170957248,56,5.86098825957755e-06,92
handrail,sk__Bacteria;p__Firmicutes;c__Bacilli;o__Bacillales;f__;g__Exiguobacterium,0.000427754477050352,184,5.84885165535195e-06,93
handrail,sk__Bacteria;p__Proteobacteria;c__Betaproteobacteria;o__Burkholderiales;f__Comamonadaceae;g__Acidovorax,0.00279565649531942,41,5.76482298099174e-06,94
handrail,sk__Bacteria;p__Proteobacteria;c__Betaproteobacteria;o__Burkholderiales;f__Comamonadaceae;g__Variovorax,0.00264213406350434,49,5.71617434055617e-06,95
handrail,sk__Bacteria;p__Actinobacteria;c__Actinomycetia;o__Pseudonocardiales;f__Pseudonocardiaceae;g__Pseudonocardia,0.0027146887358796,44,5.68275711275989e-06,96
handrail,sk__Bacteria;p__Firmicutes;c__Bacilli;o__Bacillales;f__Planococcaceae;g__Planococcus,0.00027447386300774,242,5.58684129620006e-06,97
handrail,sk__Bacteria;p__Proteobacteria;c__Gammaproteobacteria;o__Oceanospirillales;f__Halomonadaceae;g__Halomonas,0.000588574455314021,143,5.39192098992607e-06,98
handrail,sk__Bacteria;p__Proteobacteria;c__Gammaproteobacteria;o__Enterobacterales;f__Pectobacteriaceae;g__Dickeya,0.000274783167965383,240,5.24221773581953e-06,99
handrail,sk__Bacteria;p__Proteobacteria;c__Betaproteobacteria;o__Burkholderiales;f__Oxalobacteraceae;g__Massilia,0.0017231271130158,66,5.00596159979244e-06,100
kiosk,sk__Bacteria;p__Proteobacteria;c__Gammaproteobacteria;o__Pseudomonadales;f__Moraxellaceae;g__Acinetobacter,0.0779748882032409,2,0.0294063681842711,1
kiosk,sk__Bacteria;p__Firmicutes;c__Negativicutes;o__Veillonellales;f__Veillonellaceae;g__Negativicoccus,0.125827426851434,1,0.0194374274645671,2
kiosk,sk__Bacteria;p__Proteobacteria;c__Gammaproteobacteria;o__Pseudomonadales;f__Moraxellaceae;g__Psychrobacter,0.0297204798734858,6,0.0112224981791057,3
kiosk,sk__Bacteria;p__Proteobacteria;c__Gammaproteobacteria;o__Pseudomonadales;f__Pseudomonadaceae;g__Pseudomonas,0.054967595984316,4,0.00954642057806567,4
kiosk,sk__Bacteria;p__Proteobacteria;c__Gammaproteobacteria;o__Xanthomonadales;f__Xanthomonadaceae;g__Stenotrophomonas,0.0298635547911485,5,0.0094693022791108,5
kiosk,sk__Bacteria;p__Actinobacteria;c__Actinomycetia;o__Propionibacteriales;f__Propionibacteriaceae;g__Cutibacterium,0.0563569010582675,3,0.00666608636449747,6
kiosk,sk__Bacteria;p__Proteobacteria;c__Gammaproteobacteria;o__Enterobacterales;f__Erwiniaceae;g__Pantoea,0.0185122461090923,10,0.00621162811821348,7
kiosk,sk__Bacteria;p__Proteobacteria;c__Alphaproteobacteria;o__Hyphomicrobiales;f__Bradyrhizobiaceae;g__Bradyrhizobium,0.0296758591278845,7,0.00598609963233931,8
kiosk,sk__Bacteria;p__Proteobacteria;c__Gammaproteobacteria;o__Enterobacterales;f__Enterobacteriaceae;g__Enterobacter,0.0136593715168453,15,0.00578889483994284,9
kiosk,sk__Bacteria;p__Proteobacteria;c__Alphaproteobacteria;o__Caulobacterales;f__Caulobacteraceae;g__Brevundimonas,0.0185549609326267,9,0.00570903860795523,10
kiosk,sk__Bacteria;p__Proteobacteria;c__Gammaproteobacteria;o__Enterobacterales;f__Yersiniaceae;g__Serratia,0.00940686720509056,20,0.00557454392703888,11
kiosk,sk__Bacteria;p__Actinobacteria;c__Actinomycetia;o__Micrococcales;f__Micrococcaceae;g__Kocuria,0.0214530340427427,8,0.00412919185914591,12
kiosk,sk__Bacteria;p__Proteobacteria;c__Gammaproteobacteria;o__Pseudomonadales;f__Moraxellaceae;g__Moraxella,0.0158231645336227,12,0.00302384097646073,13
kiosk,sk__Bacteria;p__Proteobacteria;c__Alphaproteobacteria;o__Hyphomicrobiales;f__Brucellaceae;g__Brucella,0.00721333147681804,24,0.00188268388186116,14
kiosk,sk__Bacteria;p__Actinobacteria;c__Actinomycetia;o__Micrococcales;f__Microbacteriaceae;g__Microbacterium,0.0183091481322365,11,0.00157223957161919,15
kiosk,sk__Bacteria;p__Firmicutes;c__Bacilli;o__Bacillales;f__Bacillaceae;g__Lysinibacillus,0.00613389738912489,28,0.00155252652004914,16
kiosk,sk__Bacteria;p__Bacteroidetes;c__Flavobacteriia;o__Flavobacteriales;f__Weeksellaceae;g__Chryseobacterium,0.00496718427184528,32,0.000921910233542494,17
kiosk,sk__Bacteria;p__Proteobacteria;c__Gammaproteobacteria;o__Enterobacterales;f__Enterobacteriaceae;g__Klebsiella,0.00684322962938957,26,0.000725406613226533,18
kiosk,sk__Bacteria;p__Firmicutes;c__Bacilli;o__Lactobacillales;f__Lactobacillaceae;g__Leuconostoc,0.00564466487547882,30,0.000473251184470712,19
kiosk,sk__Bacteria;p__Firmicutes;c__Bacilli;o__Bacillales;f__Staphylococcaceae;g__Staphylococcus,0.0133492382205631,16,0.000402397159198589,20
kiosk,sk__Bacteria;p__Proteobacteria;c__Alphaproteobacteria;o__Hyphomicrobiales;f__Methylobacteriaceae;g__Methylobacterium,0.00919748199474477,21,0.00036236512034227,21
kiosk,sk__Bacteria;p__Actinobacteria;c__Actinomycetia;o__Corynebacteriales;f__Corynebacteriaceae;g__Corynebacterium,0.0127991649156307,17,0.000338274291117838,22
kiosk,sk__Bacteria;p__Proteobacteria;c__Alphaproteobacteria;o__Sphingomonadales;f__Sphingomonadaceae;g__Sphingomonas,0.0139053504762063,13,0.000300054842344204,23
kiosk,sk__Bacteria;p__Actinobacteria;c__Actinomycetia;o__Micrococcales;f__Intrasporangiaceae;g__Janibacter,0.00477363564608599,34,0.000287150672003887,24
kiosk,sk__Bacteria;p__Firmicutes;c__Clostridia;o__Eubacteriales;f__Christensenellaceae;g__Christensenella,0.00284907515528802,48,0.000241480700735893,25
kiosk,sk__Bacteria;p__Proteobacteria;c__Gammaproteobacteria;o__Enterobacterales;f__Enterobacteriaceae;g__Escherichia,0.00181902505028526,68,0.000218015896370306,26
kiosk,sk__Bacteria;p__Actinobacteria;c__Actinomycetia;o__Micrococcales;f__Micrococcaceae;g__Micrococcus,0.0105918545057225,19,0.000204365922290273,27
kiosk,sk__Bacteria;p__Firmicutes;c__Bacilli;o__Lactobacillales;f__Streptococcaceae;g__Streptococcus,0.0108024397509073,18,0.000195448705065602,28
kiosk,sk__Bacteria;p__Proteobacteria;c__Betaproteobacteria;o__Burkholderiales;f__Alcaligenaceae;g__Achromobacter,0.00248913852169226,59,0.000166759214264672,29
kiosk,sk__Bacteria;p__Proteobacteria;c__Gammaproteobacteria;o__Enterobacterales;f__Enterobacteriaceae;g__Leclercia,0.0016852741638199,73,0.000163946534733694,30
kiosk,sk__Bacteria;p__Actinobacteria;c__Actinomycetia;o__Streptomycetales;f__Streptomycetaceae;g__Streptomyces,0.0137596128660703,14,0.000151459935314619,31
kiosk,sk__Bacteria;p__Firmicutes;c__Bacilli;o__Bacillales;f__Paenibacillaceae;g__Paenibacillus,0.00135637661840913,90,0.000143931114292042,32
kiosk,sk__Bacteria;p__Proteobacteria;c__Betaproteobacteria;o__Burkholderiales;f__Burkholderiaceae;g__Cupriavidus,0.00463479243072859,37,0.000134836949349798,33
kiosk,sk__Bacteria;p__Proteobacteria;c__Betaproteobacteria;o__Burkholderiales;f__Comamonadaceae;g__Delftia,0.00222979365227285,63,0.000127978004201072,34
kiosk,sk__Bacteria;p__Firmicutes;c__Bacilli;o__Bacillales;f__Bacillaceae;g__Bacillus,0.00265000426339037,53,0.000119894653074128,35
kiosk,sk__Bacteria;p__Bacteroidetes;c__Cytophagia;o__Cytophagales;f__Hymenobacteraceae;g__Hymenobacter,0.00822556845856792,22,0.000111868200941267,36
kiosk,sk__Bacteria;p__Actinobacteria;c__Actinomycetia;o__Micrococcales;f__Dermacoccaceae;g__Dermacoccus,0.00286753265852442,47,0.000102902901861793,37
kiosk,sk__Bacteria;p__Firmicutes;c__Bacilli;o__Lactobacillales;f__Enterococcaceae;g__Enterococcus,0.00315197053756065,43,9.07554488828546e-05,38
kiosk,sk__Bacteria;p__Actinobacteria;c__Actinomycetia;o__Geodermatophilales;f__Geodermatophilaceae;g__Modestobacter,0.00722773175590976,23,9.06345234671939e-05,39
kiosk,sk__Bacteria;p__Cyanobacteria;c__;o__Chroococcidiopsidales;f__Chroococcidiopsidaceae;g__Chroococcidiopsis,0.00168085900496773,74,6.97248959804892e-05,40
kiosk,sk__Bacteria;p__Actinobacteria;c__Actinomycetia;o__Actinomycetales;f__Actinomycetaceae;g__Actinomyces,0.00509452114987809,31,6.79240122518183e-05,41
kiosk,sk__Bacteria;p__Bacteroidetes;c__Sphingobacteriia;o__Sphingobacteriales;f__Sphingobacteriaceae;g__Sphingobacterium,0.00161446558314591,77,6.42033694672815e-05,42
kiosk,sk__Bacteria;p__Deinococcus-Thermus;c__Deinococci;o__Deinococcales;f__Deinococcaceae;g__Deinococcus,0.00630444581216807,27,5.57099660564023e-05,43
kiosk,sk__Bacteria;p__Proteobacteria;c__Alphaproteobacteria;o__Hyphomicrobiales;f__Rhizobiaceae;g__Ensifer,0.00110932654090309,103,5.44007847228061e-05,44
kiosk,sk__Bacteria;p__Actinobacteria;c__Actinomycetia;o__Corynebacteriales;f__Nocardiaceae;g__Rhodococcus,0.00591564084779658,29,5.32371855387086e-05,45
kiosk,sk__Bacteria;p__Proteobacteria;c__Betaproteobacteria;o__Burkholderiales;f__Comamonadaceae;g__Comamonas,0.00176315233789302,70,5.01105869802644e-05,46
kiosk,sk__Bacteria;p__Proteobacteria;c__Gammaproteobacteria;o__Aeromonadales;f__Aeromonadaceae;g__Aeromonas,0.00214738481671948,64,4.63575061394812e-05,47
kiosk,sk__Bacteria;p__Proteobacteria;c__Alphaproteobacteria;o__Rhodobacterales;f__Rhodobacteraceae;g__Paracoccus,0.0071974538525677,25,4.60444340326194e-05,48
kiosk,sk__Bacteria;p__Actinobacteria;c__Actinomycetia;o__Micrococcales;f__Micrococcaceae;g__Arthrobacter,0.00475804029531096,35,4.27271191051032e-05,49
kiosk,sk__Bacteria;p__Proteobacteria;c__Alphaproteobacteria;o__Rhodospirillales;f__Acetobacteraceae;g__Gluconobacter,0.000601022752067117,149,4.09295186156329e-05,50
kiosk,sk__Bacteria;p__Proteobacteria;c__Betaproteobacteria;o__Burkholderiales;f__Comamonadaceae;g__Variovorax,0.00480932457792308,33,3.93611713669869e-05,51
kiosk,sk__Bacteria;p__Proteobacteria;c__Gammaproteobacteria;o__Enterobacterales;f__Enterobacteriaceae;g__Salmonella,0.000899365025762722,118,3.19528162228835e-05,52
kiosk,sk__Bacteria;p__Firmicutes;c__Bacilli;o__Lactobacillales;f__Carnobacteriaceae;g__Carnobacterium,0.00154750323659759,80,2.89509973634021e-05,53
kiosk,sk__Bacteria;p__Actinobacteria;c__Actinomycetia;o__Micrococcales;f__Dermabacteraceae;g__Brachybacterium,0.00388684258192352,41,2.74616140926213e-05,54
kiosk,sk__Bacteria;p__Firmicutes;c__Bacilli;o__Bacillales;f__Planococcaceae;g__Solibacillus,0.000588743910213457,154,2.51313870448748e-05,55
kiosk,sk__Bacteria;p__Actinobacteria;c__Actinomycetia;o__Geodermatophilales;f__Geodermatophilaceae;g__Geodermatophilus,0.00420853741284733,39,2.26545407198699e-05,56
kiosk,sk__Bacteria;p__Fusobacteria;c__Fusobacteriia;o__Fusobacteriales;f__Fusobacteriaceae;g__Fusobacterium,0.00102925429480177,105,2.19271083958466e-05,57
kiosk,sk__Bacteria;p__Actinobacteria;c__Actinomycetia;o__Propionibacteriales;f__Nocardioidaceae;g__Nocardioides,0.00469836264887332,36,2.16367106133893e-05,58
kiosk,sk__Bacteria;p__Actinobacteria;c__Actinomycetia;o__Geodermatophilales;f__Geodermatophilaceae;g__Blastococcus,0.00377188051558107,42,2.08911845186917e-05,59
kiosk,sk__Bacteria;p__Proteobacteria;c__Alphaproteobacteria;o__Sphingomonadales;f__Sphingomonadaceae;g__Sphingobium,0.00447846330212113,38,1.98047188917821e-05,60
kiosk,sk__Bacteria;p__Proteobacteria;c__Alphaproteobacteria;o__Hyphomicrobiales;f__Methylobacteriaceae;g__Methylorubrum,0.00307837412847492,44,1.90374345157483e-05,61
kiosk,sk__Bacteria;p__Firmicutes;c__Bacilli;o__Lactobacillales;f__Aerococcaceae;g__Aerococcus,0.0017587483154679,71,1.51415620756978e-05,62
kiosk,sk__Eukaryota;p__Ascomycota;c__Sordariomycetes;o__Sordariales;f__Chaetomiaceae;g__Thermothelomyces,0.00250682678874052,58,1.34127129626804e-05,63
kiosk,sk__Bacteria;p__Actinobacteria;c__Actinomycetia;o__Bifidobacteriales;f__Bifidobacteriaceae;g__Gardnerella,0.00102844688133071,106,1.20986957697578e-05,64
kiosk,sk__Bacteria;p__Actinobacteria;c__Actinomycetia;o__Corynebacteriales;f__Mycobacteriaceae;g__Mycobacterium,0.00412553370324369,40,1.19745765334321e-05,65
kiosk,sk__Bacteria;p__Actinobacteria;c__Actinomycetia;o__Pseudonocardiales;f__Pseudonocardiaceae;g__Pseudonocardia,0.00291218341212111,46,1.13964949958773e-05,66
kiosk,sk__Bacteria;p__Actinobacteria;c__Actinomycetia;o__Micrococcales;f__Micrococcaceae;g__Rothia,0.00268679020241679,51,1.10835414520559e-05,67
kiosk,sk__Bacteria;p__Proteobacteria;c__Gammaproteobacteria;o__Enterobacterales;f__Enterobacteriaceae;g__Cronobacter,0.000772891068279346,131,1.00583509408286e-05,68
kiosk,sk__Bacteria;p__Actinobacteria;c__Actinomycetia;o__Propionibacteriales;f__Propionibacteriaceae;g__Propionibacterium,0.00114163745621779,100,9.90182462365115e-06,69
kiosk,sk__Bacteria;p__Proteobacteria;c__Alphaproteobacteria;o__Hyphomicrobiales;f__Brucellaceae;g__Ochrobactrum,0.000482495090710421,172,9.79136066670931e-06,70
kiosk,sk__Bacteria;p__Proteobacteria;c__Betaproteobacteria;o__Burkholderiales;f__Burkholderiaceae;g__Ralstonia,0.00162300073563023,76,9.58266535113363e-06,71
kiosk,sk__Bacteria;p__Bacteroidetes;c__Flavobacteriia;o__Flavobacteriales;f__Weeksellaceae;g__Elizabethkingia,0.000731803284980496,134,9.4528736427831e-06,72
kiosk,sk__Bacteria;p__Proteobacteria;c__Gammaproteobacteria;o__Enterobacterales;f__Erwiniaceae;g__Erwinia,0.000966723278921608,110,9.28672934900672e-06,73
kiosk,sk__Eukaryota;p__Euglenozoa;c__Kinetoplastea;o__Trypanosomatida;f__Trypanosomatidae;g__Leishmania,0.00260860837091099,57,8.7297326796347e-06,74
kiosk,sk__Bacteria;p__Actinobacteria;c__Actinomycetia;o__Micromonosporales;f__Micromonosporaceae;g__Actinoplanes,0.00239808276765925,62,7.95974498399971e-06,75
kiosk,sk__Bacteria;p__Proteobacteria;c__Alphaproteobacteria;o__Sphingomonadales;f__Sphingomonadaceae;g__Sphingopyxis,0.00268371011012915,52,7.71153928537213e-06,76
kiosk,sk__Bacteria;p__Actinobacteria;c__Actinomycetia;o__Micrococcales;f__Micrococcaceae;g__Glutamicibacter,0.000674544433927713,141,7.51109360442006e-06,77
kiosk,sk__Bacteria;p__Proteobacteria;c__Betaproteobacteria;o__Burkholderiales;f__Oxalobacteraceae;g__Massilia,0.0024013311800562,61,7.27349437946241e-06,78
kiosk,sk__Bacteria;p__Proteobacteria;c__Alphaproteobacteria;o__Hyphomicrobiales;f__Phyllobacteriaceae;g__Mesorhizobium,0.00135682361374754,89,7.05705381399582e-06,79
kiosk,sk__Bacteria;p__Proteobacteria;c__Alphaproteobacteria;o__Rhodospirillales;f__Acetobacteraceae;g__Roseomonas,0.00270885996073177,49,6.64950228599819e-06,80
kiosk,sk__Bacteria;p__Actinobacteria;c__Actinomycetia;o__Micrococcales;f__Promicromonosporaceae;g__Cellulosimicrobium,0.0015278643425515,82,6.62091250886793e-06,81
kiosk,sk__Bacteria;p__Actinobacteria;c__Actinomycetia;o__Corynebacteriales;f__Mycobacteriaceae;g__Mycolicibacterium,0.00302583143145472,45,6.37745328900222e-06,82
kiosk,sk__Bacteria;p__Proteobacteria;c__Gammaproteobacteria;o__Enterobacterales;f__Enterobacteriaceae;g__Citrobacter,0.000877781026364274,120,6.33928056594914e-06,83
kiosk,sk__Bacteria;p__Proteobacteria;c__Betaproteobacteria;o__Burkholderiales;f__Burkholderiaceae;g__Burkholderia,0.00264361417351538,55,6.33252778339079e-06,84
kiosk,sk__Bacteria;p__Firmicutes;c__Clostridia;o__Eubacteriales;f__Clostridiaceae;g__Clostridium,0.000671870006606763,142,6.15354239282336e-06,85
kiosk,sk__Bacteria;p__Proteobacteria;c__Gammaproteobacteria;o__Enterobacterales;f__Yersiniaceae;g__Rahnella,0.000294055460649718,232,6.08328067546396e-06,86
kiosk,sk__Bacteria;p__Firmicutes;c__Bacilli;o__Lactobacillales;f__Streptococcaceae;g__Lactococcus,0.00132714159956454,91,5.88584977379797e-06,87
kiosk,sk__Bacteria;p__Proteobacteria;c__Gammaproteobacteria;o__Xanthomonadales;f__Xanthomonadaceae;g__Xanthomonas,0.00247745789679878,60,5.84053337533788e-06,88
kiosk,sk__Bacteria;p__Proteobacteria;c__Alphaproteobacteria;o__Hyphomicrobiales;f__Rhizobiaceae;g__Rhizobium,0.0020100252819492,65,5.49262351542709e-06,89
kiosk,sk__Bacteria;p__Actinobacteria;c__Actinomycetia;o__Propionibacteriales;f__Propionibacteriaceae;g__Acidipropionibacterium,0.000716218230341168,135,5.41088425831299e-06,90
kiosk,sk__Bacteria;p__Proteobacteria;c__Betaproteobacteria;o__Burkholderiales;f__Comamonadaceae;g__Acidovorax,0.00262445304846513,56,5.27162980479603e-06,91
kiosk,sk__Eukaryota;p__Ascomycota;c__Saccharomycetes;o__Saccharomycetales;f__Debaryomycetaceae;g__Candida,0.00186318471322959,67,5.15948215749362e-06,92
kiosk,sk__Bacteria;p__Proteobacteria;c__Alphaproteobacteria;o__Caulobacterales;f__Caulobacteraceae;g__Caulobacter,0.00159449243634072,78,4.75758807942408e-06,93
kiosk,sk__Bacteria;p__Bacteroidetes;c__Bacteroidia;o__Bacteroidales;f__Prevotellaceae;g__Prevotella,0.00154530739860613,81,4.69131773399226e-06,94
kiosk,sk__Bacteria;p__Proteobacteria;c__Gammaproteobacteria;o__Enterobacterales;f__Enterobacteriaceae;g__Kosakonia,0.000462160748271325,178,4.63223237111247e-06,95
kiosk,sk__Bacteria;p__Actinobacteria;c__Actinomycetia;o__Micrococcales;f__Cellulomonadaceae;g__Cellulomonas,0.00270822624868667,50,4.55104231322226e-06,96
kiosk,sk__Bacteria;p__Actinobacteria;c__Actinomycetia;o__Propionibacteriales;f__Propionibacteriaceae;g__Tessaracoccus,0.00264618889272621,54,4.50249757945031e-06,97
kiosk,sk__Bacteria;p__Proteobacteria;c__Betaproteobacteria;o__Burkholderiales;f__Alcaligenaceae;g__Bordetella,0.00144199839949949,86,4.45012932566368e-06,98
kiosk,sk__Bacteria;p__Bacteroidetes;c__Flavobacteriia;o__Flavobacteriales;f__Weeksellaceae;g__Planobacterium,0.000595499191544971,150,4.42300927014836e-06,99
kiosk,sk__Bacteria;p__Bacteroidetes;c__Bacteroidia;o__Bacteroidales;f__Tannerellaceae;g__Tannerella,0.000197169424899687,282,4.17964997485998e-06,100
